1,10,6,4,[5, 5, 3, 4, 3, 3],[7, 7, 8, 1]
2,10,6,4,[3, 5, 2, 3, 3, 2],[1, 6, 1, 7]
3,10,6,4,[4, 3, 5, 3, 4, 4],[6, 1, 7, 1]
4,10,6,4,[4, 3, 5, 3, 5, 4],[1, 2, 7, 6]
5,10,7,3,[5, 6, 4, 4, 6, 6, 5],[3, 2, 7]
6,10,7,3,[3, 5, 2, 3, 3, 3, 5],[8, 1, 8]
7,10,7,3,[6, 5, 6, 5, 7, 6, 6],[2, 8, 3]
8,10,5,5,[3, 4, 5, 4, 4],[6, 7, 1, 2, 6]
9,10,6,4,[5, 3, 5, 5, 5, 5],[1, 6, 6, 2]
10,10,8,2,[6, 5, 5, 5, 6, 6, 6, 6],[3, 3]
11,10,6,4,[3, 5, 3, 5, 3, 4],[1, 1, 7, 6]
12,10,5,5,[4, 5, 4, 5, 5],[6, 3, 6, 6, 2]
13,10,5,5,[3, 3, 5, 2, 3],[1, 6, 6, 6, 1]
14,10,6,4,[5, 5, 5, 5, 3, 5],[1, 1, 2, 6]
15,10,7,3,[5, 3, 3, 6, 5, 5, 5],[2, 1, 8]
16,10,7,3,[5, 5, 5, 5, 4, 5, 4],[3, 6, 6]
17,10,6,4,[5, 4, 4, 3, 3, 3],[2, 1, 6, 6]
18,10,6,4,[6, 4, 3, 5, 4, 3],[1, 1, 8, 7]
19,10,6,4,[5, 5, 6, 6, 5, 6],[3, 3, 3, 9]
20,10,7,3,[4, 5, 5, 4, 4, 5, 4],[6, 6, 3]
21,10,6,4,[3, 3, 3, 2, 4, 2],[6, 6, 6, 1]
22,10,6,4,[5, 6, 6, 4, 5, 5],[7, 7, 2, 3]
23,10,8,2,[3, 3, 3, 5, 5, 5, 5, 5],[6, 2]
24,10,7,3,[5, 3, 3, 5, 5, 5, 3],[6, 2, 2]
25,10,4,6,[5, 6, 5, 6],[3, 7, 3, 1, 7, 7]
26,10,5,5,[4, 5, 3, 3, 3],[6, 2, 6, 1, 6]
28,10,5,5,[4, 5, 4, 5, 5],[3, 6, 3, 7, 3]
29,10,7,3,[5, 3, 4, 4, 5, 3, 4],[6, 2, 7]
30,10,6,4,[6, 6, 6, 6, 6, 6],[7, 5, 5, 7]
31,10,5,5,[6, 4, 5, 4, 4],[7, 3, 7, 7, 3]
32,10,4,6,[6, 6, 5, 5],[7, 7, 3, 7, 2, 2]
33,10,5,5,[4, 5, 5, 4, 4],[6, 3, 6, 6, 6]
34,10,7,3,[4, 2, 3, 3, 3, 3, 4],[7, 6, 1]
35,10,7,3,[6, 6, 4, 5, 7, 4, 6],[3, 3, 9]
36,10,7,3,[5, 2, 5, 4, 3, 5, 4],[8, 1, 1]
37,10,7,3,[4, 4, 4, 5, 4, 4, 5],[6, 1, 6]
38,10,6,4,[7, 7, 7, 6, 6, 7],[2, 4, 8, 4]
39,10,8,2,[6, 6, 6, 3, 5, 3, 3, 5],[1, 7]
40,10,8,2,[5, 5, 3, 4, 3, 6, 5, 6],[1, 7]
41,10,7,3,[5, 5, 6, 5, 5, 5, 6],[7, 7, 3]
42,10,7,3,[5, 5, 5, 3, 5, 3, 3],[1, 1, 6]
44,10,7,3,[3, 5, 5, 3, 4, 4, 5],[2, 7, 6]
45,10,8,2,[3, 5, 6, 4, 6, 3, 4, 6],[7, 1]
46,10,8,2,[6, 6, 5, 6, 6, 6, 6, 6],[3, 7]
47,10,6,4,[6, 5, 5, 6, 6, 4],[3, 7, 3, 3]
48,10,8,2,[5, 2, 5, 2, 5, 4, 2, 3],[1, 8]
49,10,6,4,[5, 5, 5, 3, 3, 5],[2, 1, 6, 6]
50,10,8,2,[5, 3, 4, 3, 4, 5, 3, 3],[7, 6]
51,10,8,2,[6, 6, 6, 5, 6, 4, 4, 6],[3, 3]
52,10,6,4,[6, 5, 6, 5, 6, 6],[2, 7, 3, 3]
53,10,4,6,[5, 6, 6, 6],[3, 3, 3, 7, 7, 3]
54,10,6,4,[5, 5, 4, 4, 5, 4],[2, 2, 6, 1]
55,10,6,4,[3, 5, 3, 3, 3, 4],[6, 6, 2, 2]
56,10,6,4,[5, 5, 5, 5, 5, 6],[2, 3, 7, 3]
57,10,6,4,[3, 4, 5, 5, 4, 3],[1, 2, 6, 6]
58,10,5,5,[3, 5, 5, 3, 4],[2, 6, 2, 6, 6]
59,10,5,5,[5, 5, 5, 4, 5],[3, 2, 3, 6, 6]
60,10,5,5,[5, 5, 3, 5, 6],[8, 2, 2, 7, 2]
61,10,7,3,[7, 7, 6, 7, 6, 5, 7],[3, 3, 3]
62,10,5,5,[5, 2, 5, 3, 3],[7, 6, 6, 1, 1]
63,10,8,2,[5, 3, 4, 5, 4, 4, 3, 3],[6, 2]
64,10,6,4,[6, 6, 5, 3, 6, 6],[7, 7, 1, 1]
65,10,9,1,[6, 6, 7, 7, 7, 7, 7, 6, 6],[1]
66,10,7,3,[5, 7, 7, 6, 6, 6, 7],[2, 8, 8]
67,10,7,3,[5, 5, 6, 6, 4, 4, 6],[3, 7, 3]
68,10,6,4,[4, 5, 4, 6, 4, 6],[7, 7, 1, 2]
69,10,7,3,[5, 6, 6, 6, 6, 5, 5],[7, 4, 4]
70,10,5,5,[7, 6, 6, 8, 7],[9, 3, 3, 3, 9]
71,10,6,4,[5, 5, 5, 3, 3, 4],[1, 6, 6, 6]
72,10,7,3,[3, 3, 5, 4, 3, 6, 5],[1, 1, 9]
73,10,6,4,[4, 5, 5, 2, 3, 5],[1, 6, 6, 1]
74,10,5,5,[3, 4, 5, 5, 3],[2, 6, 2, 7, 2]
75,10,7,3,[4, 5, 6, 3, 3, 3, 4],[9, 1, 1]
76,10,8,2,[5, 6, 3, 5, 5, 4, 3, 5],[8, 1]
77,10,6,4,[5, 3, 5, 2, 6, 3],[7, 7, 1, 1]
78,10,8,2,[3, 3, 3, 5, 4, 3, 3, 5],[2, 7]
79,10,5,5,[4, 3, 3, 5, 5],[2, 6, 6, 2, 1]
80,10,7,3,[6, 4, 4, 5, 6, 6, 5],[1, 3, 7]
81,10,7,3,[5, 3, 5, 4, 2, 5, 5],[1, 6, 1]
82,10,5,5,[6, 6, 6, 5, 6],[3, 7, 3, 7, 1]
83,10,8,2,[3, 3, 3, 3, 3, 3, 2, 3],[6, 8]
84,10,7,3,[6, 6, 5, 5, 5, 6, 5],[8, 3, 7]
86,10,7,3,[6, 4, 6, 6, 3, 5, 6],[7, 1, 2]
87,10,6,4,[6, 7, 6, 7, 5, 7],[3, 8, 8, 4]
88,10,7,3,[5, 5, 6, 6, 6, 6, 5],[3, 1, 7]
89,10,7,3,[5, 5, 6, 5, 5, 6, 5],[1, 9, 3]
90,10,6,4,[6, 6, 4, 5, 6, 6],[7, 7, 3, 2]
91,10,7,3,[3, 5, 3, 5, 5, 3, 4],[7, 2, 2]
92,10,9,1,[5, 6, 5, 6, 6, 5, 6, 6, 4],[1]
93,10,7,3,[5, 3, 4, 6, 3, 5, 3],[2, 7, 8]
94,10,7,3,[4, 6, 5, 5, 5, 6, 6],[2, 1, 1]
95,10,7,3,[4, 3, 5, 3, 5, 3, 4],[2, 2, 7]
96,10,6,4,[4, 6, 4, 6, 5, 6],[2, 7, 3, 7]
97,10,5,5,[5, 5, 4, 5, 4],[7, 3, 3, 7, 7]
98,10,6,4,[6, 5, 4, 6, 6, 4],[3, 3, 7, 7]
99,10,9,1,[5, 6, 4, 4, 5, 4, 5, 6, 6],[1]
100,10,6,4,[5, 5, 3, 3, 5, 3],[2, 7, 6, 2]
101,10,5,5,[3, 4, 3, 3, 2],[5, 5, 1, 5, 1]
102,10,7,3,[6, 3, 3, 5, 4, 3, 4],[7, 1, 7]
103,10,6,4,[6, 5, 4, 6, 6, 4],[2, 7, 3, 7]
104,10,7,3,[6, 4, 5, 4, 5, 6, 4],[2, 7, 7]
105,10,7,3,[4, 4, 4, 4, 6, 5, 6],[2, 1, 7]
106,10,8,2,[6, 6, 4, 3, 3, 3, 6, 6],[7, 1]
107,10,6,4,[6, 6, 6, 5, 5, 5],[7, 1, 7, 3]
108,10,7,3,[6, 7, 6, 6, 4, 6, 6],[3, 9, 3]
109,10,6,4,[4, 6, 6, 4, 2, 2],[9, 7, 1, 1]
110,10,5,5,[3, 3, 4, 3, 4],[5, 5, 5, 5, 2]
111,10,5,5,[3, 4, 3, 4, 2],[5, 1, 5, 1, 1]
112,10,3,7,[3, 3, 4],[5, 1, 5, 2, 2, 5, 5]
113,10,8,2,[3, 3, 3, 3, 6, 3, 5, 3],[9, 7]
114,10,7,3,[6, 6, 4, 6, 5, 5, 4],[7, 2, 3]
115,10,3,7,[4, 4, 5],[6, 6, 3, 2, 3, 6, 6]
116,10,7,3,[4, 3, 5, 4, 3, 5, 4],[7, 6, 1]
118,10,6,4,[6, 6, 5, 6, 5, 4],[7, 3, 7, 3]
119,10,8,2,[5, 6, 5, 5, 4, 6, 6, 5],[2, 7]
120,10,7,3,[7, 6, 4, 7, 4, 5, 6],[3, 1, 9]
121,10,7,3,[4, 5, 3, 5, 4, 3, 4],[1, 1, 7]
122,10,4,6,[6, 4, 4, 6],[3, 7, 7, 3, 3, 7]
123,10,7,3,[5, 6, 5, 6, 6, 6, 5],[8, 3, 4]
125,10,6,4,[4, 4, 3, 4, 4, 5],[6, 2, 6, 1]
126,10,7,3,[4, 5, 6, 6, 5, 5, 6],[9, 3, 3]
127,10,8,2,[3, 6, 4, 6, 4, 5, 6, 6],[2, 1]
128,10,8,2,[6, 4, 6, 3, 4, 3, 6, 3],[2, 7]
129,10,4,6,[5, 5, 4, 4],[6, 6, 6, 3, 6, 3]
130,10,5,5,[2, 2, 2, 3, 3],[1, 1, 4, 1, 5]
131,10,4,6,[4, 3, 2, 4],[5, 1, 1, 5, 1, 5]
132,10,7,3,[5, 5, 6, 5, 5, 4, 6],[1, 7, 7]
133,10,5,5,[6, 6, 5, 4, 6],[7, 2, 3, 7, 3]
134,10,8,2,[6, 4, 4, 5, 6, 4, 6, 6],[1, 1]
135,10,5,5,[7, 7, 5, 5, 5],[9, 2, 8, 1, 2]
136,10,5,5,[3, 5, 3, 3, 4],[7, 2, 1, 6, 6]
137,10,6,4,[6, 7, 6, 5, 5, 7],[9, 3, 3, 2]
138,10,7,3,[5, 4, 4, 3, 4, 5, 3],[1, 2, 6]
139,10,7,3,[4, 3, 4, 5, 4, 3, 3],[6, 2, 6]
140,10,6,4,[3, 3, 4, 5, 4, 3],[2, 2, 6, 6]
141,10,6,4,[4, 5, 5, 3, 4, 3],[6, 2, 6, 1]
142,10,7,3,[2, 3, 5, 3, 5, 3, 2],[6, 8, 1]
143,10,6,4,[3, 4, 2, 3, 2, 3],[6, 1, 6, 7]
144,10,6,4,[3, 5, 5, 5, 3, 5],[2, 6, 2, 2]
145,10,7,3,[5, 3, 6, 3, 3, 4, 6],[7, 1, 7]
146,10,6,4,[4, 3, 4, 4, 7, 6],[1, 9, 8, 2]
147,10,7,3,[5, 3, 4, 4, 4, 4, 3],[8, 1, 7]
148,10,7,3,[5, 6, 5, 4, 5, 6, 6],[3, 7, 3]
149,10,5,5,[4, 5, 2, 3, 3],[7, 1, 6, 1, 6]
150,10,6,4,[7, 5, 5, 6, 6, 6],[9, 4, 8, 4]
151,10,7,3,[6, 6, 6, 6, 4, 6, 5],[3, 7, 1]
152,10,6,4,[5, 5, 6, 6, 5, 6],[3, 7, 7, 7]
153,10,6,4,[6, 6, 4, 5, 6, 6],[7, 7, 2, 3]
154,10,6,4,[7, 6, 6, 7, 6, 5],[3, 9, 9, 4]
155,10,8,2,[7, 7, 6, 7, 6, 6, 5, 6],[4, 2]
156,10,8,2,[7, 6, 7, 5, 6, 6, 7, 4],[1, 2]
157,10,6,4,[5, 5, 5, 5, 5, 4],[1, 6, 3, 6]
158,10,6,4,[3, 5, 4, 4, 5, 4],[1, 6, 1, 1]
159,10,7,3,[4, 5, 3, 3, 4, 4, 3],[7, 6, 1]
160,10,7,3,[6, 4, 5, 5, 3, 5, 3],[1, 9, 1]
161,10,4,6,[3, 5, 5, 5],[1, 6, 6, 1, 6, 1]
162,10,8,2,[5, 5, 4, 6, 6, 6, 5, 3],[1, 1]
163,10,8,2,[6, 6, 6, 6, 4, 4, 4, 6],[3, 3]
164,10,7,3,[4, 2, 3, 3, 3, 3, 3],[6, 5, 1]
165,10,6,4,[4, 2, 3, 2, 3, 2],[5, 5, 5, 1]
166,10,5,5,[6, 4, 4, 4, 4],[7, 7, 1, 2, 7]
167,10,8,2,[8, 6, 7, 5, 6, 5, 7, 6],[9, 1]
168,10,7,3,[3, 6, 6, 4, 5, 3, 3],[8, 7, 2]
169,10,7,3,[6, 7, 7, 5, 6, 6, 6],[2, 1, 9]
170,10,5,5,[5, 5, 5, 4, 5],[2, 1, 6, 1, 6]
171,10,7,3,[6, 4, 7, 7, 7, 7, 6],[9, 3, 2]
172,10,8,2,[4, 6, 4, 6, 7, 7, 4, 6],[3, 9]
173,10,6,4,[6, 4, 6, 6, 6, 6],[2, 3, 7, 2]
175,10,6,4,[4, 5, 5, 3, 3, 5],[6, 1, 6, 6]
176,10,4,6,[5, 6, 4, 5],[7, 7, 3, 3, 7, 2]
177,10,6,4,[4, 4, 4, 3, 5, 5],[6, 1, 1, 6]
178,10,7,3,[3, 4, 4, 3, 5, 5, 5],[6, 2, 1]
179,10,6,4,[6, 4, 6, 6, 6, 4],[7, 2, 3, 3]
181,10,7,3,[8, 6, 6, 7, 8, 7, 8],[3, 3, 1]
182,10,6,4,[4, 5, 5, 5, 5, 6],[7, 7, 7, 2]
183,10,6,4,[5, 4, 4, 3, 6, 3],[7, 1, 7, 1]
184,10,6,4,[3, 3, 3, 6, 6, 5],[8, 7, 1, 2]
185,10,4,6,[5, 4, 4, 5],[6, 6, 6, 3, 2, 3]
186,10,6,4,[3, 4, 5, 4, 5, 5],[6, 7, 1, 1]
187,10,5,5,[6, 6, 2, 4, 6],[1, 1, 1, 7, 7]
188,10,5,5,[5, 4, 5, 4, 4],[6, 3, 3, 6, 6]
189,10,7,3,[5, 5, 5, 5, 5, 4, 3],[1, 1, 9]
190,10,7,3,[6, 3, 6, 6, 3, 4, 6],[2, 9, 2]
191,10,7,3,[4, 3, 5, 3, 5, 4, 5],[2, 6, 1]
192,10,7,3,[5, 5, 6, 5, 5, 5, 6],[7, 2, 7]
193,10,8,2,[4, 6, 5, 6, 5, 6, 5, 6],[2, 2]
194,10,6,4,[5, 5, 5, 3, 5, 5],[6, 2, 1, 1]
195,10,7,3,[5, 5, 6, 5, 6, 6, 6],[7, 2, 7]
196,10,8,2,[3, 3, 3, 3, 5, 6, 6, 5],[8, 1]
197,10,4,6,[5, 3, 3, 2],[6, 1, 1, 6, 6, 6]
198,10,7,3,[6, 5, 3, 3, 3, 4, 6],[7, 2, 8]
199,10,9,1,[5, 5, 4, 4, 4, 5, 6, 6, 4],[9]
200,10,6,4,[3, 5, 5, 4, 5, 5],[1, 6, 6, 2]
201,10,8,2,[4, 3, 5, 5, 5, 5, 3, 3],[1, 6]
202,10,6,4,[5, 6, 5, 6, 6, 5],[7, 7, 4, 7]
203,10,9,1,[6, 7, 6, 7, 6, 6, 6, 7, 5],[1]
204,10,5,5,[5, 6, 5, 6, 5],[1, 8, 1, 7, 2]
205,10,8,2,[2, 1, 2, 2, 1, 1, 3, 3],[5, 6]
206,10,7,3,[6, 4, 6, 6, 5, 4, 5],[7, 3, 1]
207,10,8,2,[6, 6, 5, 6, 6, 5, 6, 5],[7, 4]
208,10,7,3,[4, 6, 5, 5, 6, 5, 4],[7, 3, 7]
209,10,8,2,[6, 6, 6, 6, 6, 4, 5, 5],[3, 1]
210,10,7,3,[6, 6, 3, 4, 4, 4, 6],[2, 9, 1]
211,10,6,4,[3, 5, 3, 6, 3, 3],[8, 1, 7, 7]
212,10,7,3,[7, 7, 6, 7, 7, 7, 7],[9, 5, 4]
213,10,8,2,[3, 3, 3, 3, 3, 4, 4, 4],[5, 1]
214,10,5,5,[3, 5, 4, 3, 4],[1, 6, 6, 7, 2]
215,10,6,4,[4, 2, 2, 3, 4, 3],[6, 6, 6, 1]
216,10,7,3,[5, 7, 5, 7, 6, 7, 5],[1, 8, 8]
217,10,5,5,[5, 5, 6, 6, 6],[3, 9, 3, 9, 3]
218,10,7,3,[6, 6, 7, 6, 6, 6, 7],[3, 3, 1]
219,10,5,5,[5, 3, 4, 5, 2],[6, 6, 1, 1, 6]
220,10,8,2,[3, 5, 6, 3, 3, 6, 6, 5],[2, 7]
221,10,6,4,[5, 6, 5, 6, 4, 4],[7, 3, 1, 7]
222,10,5,5,[6, 5, 5, 6, 5],[4, 7, 7, 7, 4]
223,10,5,5,[5, 7, 7, 4, 6],[1, 8, 2, 9, 2]
224,10,6,4,[5, 5, 6, 6, 6, 6],[4, 7, 4, 4]
225,10,7,3,[6, 3, 4, 3, 3, 4, 3],[7, 8, 1]
226,10,6,4,[3, 3, 6, 4, 3, 6],[2, 2, 9, 7]
227,10,7,3,[5, 6, 6, 6, 5, 7, 6],[9, 3, 8]
228,10,5,5,[5, 5, 4, 5, 3],[6, 2, 6, 2, 1]
229,10,6,4,[6, 6, 5, 4, 6, 4],[3, 2, 7, 7]
230,10,6,4,[6, 6, 6, 5, 6, 6],[4, 4, 4, 7]
231,10,9,1,[6, 6, 6, 5, 5, 6, 6, 6, 5],[1]
232,10,8,2,[5, 5, 3, 4, 3, 4, 3, 4],[6, 1]
233,10,9,1,[6, 7, 7, 5, 6, 4, 5, 6, 7],[1]
234,10,4,6,[3, 4, 5, 3],[2, 6, 2, 6, 6, 6]
235,10,6,4,[3, 3, 4, 3, 3, 4],[5, 6, 2, 5]
236,10,5,5,[5, 5, 5, 5, 4],[6, 6, 6, 2, 3]
237,10,4,6,[6, 5, 5, 5],[7, 7, 7, 3, 7, 4]
238,10,7,3,[5, 6, 6, 6, 7, 5, 5],[9, 4, 4]
239,10,6,4,[5, 6, 5, 6, 5, 5],[3, 7, 7, 3]
240,10,7,3,[4, 6, 4, 5, 6, 6, 6],[9, 2, 3]
241,10,7,3,[4, 5, 4, 3, 3, 3, 3],[6, 6, 7]
242,10,6,4,[6, 6, 6, 6, 4, 5],[7, 3, 3, 3]
243,10,7,3,[3, 4, 3, 4, 3, 3, 3],[5, 2, 5]
244,10,6,4,[5, 3, 5, 5, 3, 3],[6, 1, 1, 1]
245,10,5,5,[5, 5, 3, 4, 4],[6, 6, 2, 6, 2]
246,10,6,4,[6, 6, 4, 5, 6, 6],[3, 7, 3, 3]
247,10,7,3,[4, 4, 5, 6, 6, 5, 6],[7, 2, 1]
248,10,6,4,[5, 4, 4, 3, 3, 5],[6, 6, 6, 1]
249,10,6,4,[5, 3, 5, 5, 4, 3],[6, 1, 6, 6]
250,10,5,5,[6, 5, 5, 6, 6],[3, 3, 1, 7, 7]
251,10,7,3,[6, 3, 4, 6, 6, 3, 5],[1, 7, 1]
252,10,5,5,[4, 7, 4, 6, 6],[3, 8, 3, 8, 3]
253,10,6,4,[5, 3, 3, 3, 3, 5],[1, 7, 7, 9]
254,10,4,6,[4, 6, 6, 4],[7, 2, 2, 7, 7, 2]
255,10,6,4,[4, 6, 4, 6, 5, 5],[7, 3, 7, 1]
256,10,6,4,[6, 4, 4, 3, 5, 6],[7, 9, 2, 2]
257,10,7,3,[6, 6, 6, 6, 4, 7, 5],[8, 1, 3]
258,10,8,2,[3, 6, 6, 4, 3, 6, 6, 5],[9, 1]
259,10,7,3,[5, 4, 3, 5, 3, 4, 3],[8, 2, 2]
260,10,4,6,[5, 5, 4, 4],[6, 6, 3, 6, 3, 6]
261,10,6,4,[4, 3, 3, 5, 3, 4],[6, 6, 7, 1]
262,10,6,4,[3, 4, 5, 5, 5, 4],[7, 2, 2, 6]
263,10,5,5,[6, 5, 6, 5, 5],[3, 3, 3, 7, 7]
264,10,5,5,[3, 5, 5, 3, 4],[7, 7, 2, 7, 1]
265,10,7,3,[5, 5, 5, 3, 5, 4, 4],[1, 6, 1]
266,10,7,3,[6, 4, 5, 6, 6, 5, 6],[3, 3, 9]
267,10,7,3,[3, 7, 3, 4, 7, 6, 7],[2, 9, 1]
268,10,6,4,[3, 5, 4, 4, 3, 4],[6, 2, 7, 6]
269,10,7,3,[4, 4, 4, 5, 3, 5, 5],[2, 7, 1]
270,10,7,3,[6, 6, 6, 3, 3, 4, 3],[8, 7, 2]
271,10,7,3,[5, 6, 5, 6, 5, 6, 5],[3, 7, 4]
272,10,7,3,[7, 7, 7, 6, 6, 7, 7],[1, 9, 2]
273,10,6,4,[6, 4, 7, 6, 4, 6],[3, 8, 8, 2]
274,10,6,4,[5, 5, 5, 5, 5, 5],[6, 6, 6, 6]
275,10,5,5,[5, 4, 4, 4, 4],[6, 7, 6, 2, 3]
276,10,7,3,[5, 7, 5, 5, 5, 5, 5],[1, 9, 2]
277,10,7,3,[5, 4, 6, 5, 3, 6, 5],[2, 1, 7]
278,10,7,3,[6, 4, 6, 6, 3, 5, 3],[2, 1, 7]
279,10,6,4,[6, 6, 5, 6, 6, 4],[3, 7, 2, 7]
280,10,7,3,[6, 5, 6, 4, 4, 5, 6],[2, 7, 8]
281,10,6,4,[2, 3, 3, 2, 3, 3],[5, 1, 5, 1]
282,10,6,4,[7, 4, 8, 7, 8, 7],[2, 2, 9, 3]
283,10,6,4,[3, 3, 4, 4, 4, 3],[7, 6, 6, 1]
284,10,8,2,[6, 6, 6, 4, 6, 4, 7, 6],[8, 1]
285,10,5,5,[4, 6, 6, 6, 5],[3, 2, 7, 7, 7]
287,10,4,6,[4, 4, 4, 5],[6, 7, 3, 3, 3, 6]
288,10,6,4,[4, 6, 4, 3, 4, 4],[1, 7, 7, 2]
289,10,7,3,[4, 5, 3, 3, 5, 5, 3],[1, 6, 6]
290,10,7,3,[4, 6, 6, 6, 5, 5, 4],[1, 2, 7]
291,10,7,3,[7, 6, 6, 7, 6, 7, 7],[5, 8, 8]
292,10,7,3,[6, 5, 7, 7, 4, 7, 6],[3, 3, 8]
293,10,7,3,[5, 6, 6, 6, 3, 5, 4],[2, 2, 9]
294,10,6,4,[5, 5, 4, 5, 5, 4],[6, 6, 6, 3]
295,10,8,2,[5, 4, 5, 7, 6, 4, 4, 7],[1, 8]
296,10,6,4,[4, 6, 5, 5, 5, 6],[3, 2, 3, 7]
297,10,8,2,[5, 6, 5, 6, 6, 6, 5, 6],[1, 7]
298,10,9,1,[6, 5, 6, 4, 6, 3, 6, 4, 3],[1]
299,10,6,4,[4, 6, 6, 4, 5, 5],[1, 1, 7, 7]
300,10,6,4,[8, 7, 7, 6, 7, 7],[3, 9, 9, 4]
301,10,5,5,[4, 7, 5, 5, 6],[8, 3, 8, 3, 9]
302,10,6,4,[5, 5, 5, 5, 5, 6],[2, 7, 2, 2]
303,10,5,5,[5, 5, 5, 5, 4],[3, 3, 3, 6, 6]
304,10,8,2,[4, 4, 6, 6, 6, 6, 5, 6],[3, 9]
305,10,4,6,[5, 6, 6, 5],[7, 4, 7, 4, 7, 4]
306,10,6,4,[3, 4, 5, 5, 2, 2],[7, 1, 1, 1]
307,10,8,2,[7, 8, 7, 8, 7, 8, 7, 7],[9, 1]
308,10,5,5,[5, 4, 4, 5, 3],[6, 2, 6, 1, 6]
309,10,6,4,[6, 5, 6, 5, 6, 6],[7, 4, 7, 3]
310,10,6,4,[6, 6, 6, 5, 7, 5],[8, 8, 3, 3]
311,10,5,5,[4, 5, 5, 3, 5],[2, 2, 6, 6, 1]
312,10,6,4,[5, 4, 5, 4, 4, 5],[6, 6, 3, 6]
313,10,8,2,[5, 2, 3, 4, 5, 3, 4, 2],[6, 1]
314,10,8,2,[3, 3, 4, 4, 4, 3, 3, 3],[1, 5]
316,10,6,4,[5, 5, 3, 4, 3, 3],[6, 2, 2, 6]
317,10,5,5,[6, 4, 6, 6, 6],[7, 2, 7, 3, 2]
318,10,7,3,[3, 3, 5, 5, 3, 3, 5],[1, 6, 6]
319,10,7,3,[5, 5, 5, 3, 5, 4, 5],[1, 2, 2]
320,10,6,4,[6, 4, 6, 6, 5, 3],[8, 2, 7, 1]
321,10,4,6,[5, 4, 5, 5],[1, 6, 1, 7, 1, 1]
322,10,7,3,[4, 4, 4, 6, 6, 5, 6],[7, 3, 7]
323,10,5,5,[4, 4, 4, 5, 5],[3, 7, 3, 6, 6]
324,10,3,7,[6, 6, 6],[5, 7, 7, 7, 5, 5, 7]
325,10,7,3,[6, 4, 6, 4, 5, 6, 5],[7, 1, 3]
326,10,8,2,[5, 6, 5, 6, 5, 5, 5, 6],[3, 8]
327,10,4,6,[5, 6, 6, 6],[4, 4, 7, 4, 4, 7]
328,10,4,6,[4, 5, 5, 5],[3, 6, 3, 3, 6, 6]
329,10,6,4,[3, 4, 4, 3, 4, 5],[6, 1, 2, 6]
330,10,6,4,[2, 4, 2, 3, 2, 4],[5, 1, 5, 5]
331,10,7,3,[5, 5, 3, 3, 5, 5, 3],[1, 6, 1]
332,10,8,2,[6, 6, 5, 4, 6, 4, 5, 6],[7, 1]
333,10,6,4,[4, 4, 7, 7, 7, 6],[3, 2, 8, 8]
334,10,6,4,[4, 4, 3, 4, 5, 5],[6, 6, 6, 1]
335,10,5,5,[6, 6, 6, 4, 5],[7, 2, 3, 7, 7]
336,10,5,5,[4, 5, 3, 3, 5],[2, 6, 6, 1, 2]
337,10,8,2,[5, 5, 2, 3, 2, 5, 2, 5],[1, 6]
339,10,6,4,[3, 6, 5, 4, 5, 5],[7, 8, 1, 2]
340,10,7,3,[4, 5, 4, 5, 5, 5, 5],[6, 6, 1]
341,10,7,3,[5, 6, 5, 6, 5, 6, 6],[8, 4, 4]
343,10,6,4,[6, 5, 6, 5, 5, 6],[4, 7, 8, 4]
344,10,8,2,[3, 5, 6, 3, 4, 5, 3, 6],[1, 8]
345,10,7,3,[6, 6, 6, 4, 5, 6, 4],[7, 2, 7]
346,10,8,2,[6, 5, 4, 6, 5, 4, 5, 4],[2, 7]
348,10,5,5,[6, 3, 3, 4, 4],[8, 8, 7, 2, 2]
349,10,6,4,[6, 6, 6, 6, 5, 6],[7, 4, 7, 3]
350,10,7,3,[3, 5, 3, 5, 3, 5, 4],[2, 1, 6]
351,10,6,4,[6, 4, 4, 4, 3, 6],[1, 7, 7, 7]
352,10,7,3,[7, 6, 7, 6, 6, 6, 7],[1, 8, 3]
353,10,4,6,[4, 5, 3, 4],[7, 7, 7, 7, 1, 2]
354,10,7,3,[6, 7, 7, 7, 4, 6, 5],[3, 3, 8]
355,10,6,4,[5, 3, 5, 5, 3, 5],[2, 6, 2, 2]
356,10,6,4,[5, 5, 5, 5, 5, 5],[6, 6, 3, 6]
357,10,7,3,[3, 5, 4, 3, 6, 3, 5],[7, 7, 1]
358,10,8,2,[7, 5, 6, 7, 7, 6, 6, 7],[2, 3]
359,10,6,4,[4, 4, 5, 3, 4, 3],[7, 6, 1, 6]
360,10,7,3,[4, 6, 6, 5, 3, 6, 3],[7, 7, 1]
361,10,6,4,[6, 6, 5, 6, 5, 6],[4, 8, 9, 3]
363,10,7,3,[6, 5, 5, 6, 6, 5, 6],[1, 7, 1]
364,10,6,4,[2, 3, 4, 3, 5, 5],[1, 6, 1, 6]
365,10,9,1,[2, 2, 3, 3, 2, 4, 3, 4, 3],[7]
366,10,6,4,[7, 5, 7, 5, 6, 5],[2, 8, 1, 9]
367,10,6,4,[7, 5, 6, 7, 7, 8],[2, 4, 9, 9]
368,10,6,4,[5, 5, 6, 5, 5, 4],[2, 3, 7, 9]
369,10,9,1,[5, 3, 4, 5, 4, 3, 5, 4, 5],[2]
370,10,6,4,[6, 4, 6, 4, 6, 5],[3, 7, 7, 3]
371,10,6,4,[3, 2, 6, 5, 3, 4],[7, 1, 7, 1]
372,10,7,3,[4, 4, 4, 5, 5, 5, 5],[7, 2, 3]
373,10,7,3,[3, 4, 4, 6, 6, 5, 6],[1, 1, 7]
374,10,4,6,[2, 3, 3, 3],[1, 1, 5, 5, 5, 5]
376,10,5,5,[5, 6, 6, 5, 6],[3, 3, 3, 8, 3]
377,10,8,2,[4, 6, 5, 6, 6, 5, 5, 4],[1, 8]
378,10,7,3,[4, 6, 3, 4, 3, 4, 4],[1, 7, 9]
379,10,7,3,[6, 6, 5, 3, 5, 5, 4],[8, 2, 1]
380,10,7,3,[3, 5, 4, 3, 5, 3, 4],[6, 1, 6]
381,10,8,2,[2, 6, 3, 2, 3, 3, 6, 6],[1, 9]
382,10,7,3,[7, 7, 6, 7, 6, 7, 6],[1, 3, 2]
383,10,8,2,[7, 7, 5, 7, 7, 7, 5, 5],[1, 8]
384,10,7,3,[4, 6, 6, 6, 5, 5, 6],[1, 1, 1]
385,10,8,2,[6, 6, 6, 7, 6, 7, 7, 7],[2, 8]
386,10,6,4,[5, 4, 5, 5, 5, 5],[2, 6, 2, 2]
387,10,7,3,[6, 6, 5, 5, 6, 6, 6],[7, 3, 7]
388,10,6,4,[7, 6, 7, 5, 6, 7],[3, 4, 4, 9]
389,10,7,3,[6, 5, 6, 3, 5, 6, 7],[2, 1, 9]
390,10,7,3,[8, 6, 5, 8, 7, 8, 7],[3, 3, 9]
391,10,7,3,[6, 6, 5, 4, 6, 5, 6],[1, 2, 1]
392,10,8,2,[3, 6, 4, 4, 4, 4, 4, 6],[1, 9]
393,10,7,3,[6, 7, 6, 6, 7, 6, 7],[3, 9, 3]
394,10,6,4,[6, 6, 6, 7, 5, 7],[9, 4, 3, 4]
395,10,8,2,[7, 7, 6, 6, 6, 6, 6, 6],[3, 8]
396,10,7,3,[4, 5, 7, 6, 4, 6, 6],[9, 2, 3]
397,10,4,6,[4, 5, 5, 4],[6, 6, 2, 2, 6, 2]
398,10,7,3,[6, 3, 3, 3, 3, 3, 5],[7, 7, 7]
399,10,7,3,[5, 3, 4, 5, 5, 4, 3],[7, 6, 1]
400,10,8,2,[5, 4, 4, 5, 5, 3, 3, 4],[2, 6]
401,10,4,6,[5, 5, 6, 4],[7, 3, 2, 7, 3, 7]
402,10,4,6,[5, 4, 5, 6],[7, 3, 3, 7, 7, 7]
403,10,6,4,[4, 6, 6, 6, 4, 5],[7, 2, 7, 7]
404,10,9,1,[3, 7, 3, 5, 4, 7, 7, 7, 6],[1]
405,10,6,4,[6, 7, 6, 7, 6, 5],[2, 3, 3, 8]
406,10,5,5,[4, 5, 3, 3, 4],[1, 7, 2, 6, 6]
408,10,7,3,[3, 6, 3, 4, 6, 6, 6],[1, 7, 2]
409,10,6,4,[5, 3, 3, 5, 5, 2],[6, 1, 6, 1]
410,10,9,1,[7, 6, 7, 7, 6, 5, 6, 7, 7],[2]
411,10,6,4,[5, 6, 4, 6, 6, 6],[7, 3, 7, 1]
413,10,5,5,[5, 5, 4, 4, 6],[3, 7, 7, 3, 3]
414,10,7,3,[4, 3, 4, 5, 4, 4, 5],[6, 1, 1]
415,10,7,3,[6, 7, 7, 5, 7, 5, 4],[9, 1, 3]
416,10,8,2,[7, 5, 7, 5, 6, 6, 6, 7],[1, 9]
417,10,7,3,[7, 6, 6, 4, 6, 4, 7],[3, 1, 8]
418,10,6,4,[5, 6, 6, 6, 6, 5],[7, 7, 7, 4]
419,10,7,3,[5, 3, 4, 3, 6, 6, 6],[7, 1, 2]
421,10,8,2,[6, 5, 7, 7, 7, 4, 6, 5],[8, 1]
422,10,7,3,[6, 6, 7, 5, 5, 7, 6],[9, 3, 2]
423,10,8,2,[5, 5, 5, 7, 7, 7, 7, 4],[9, 1]
424,10,8,2,[3, 3, 3, 6, 6, 6, 4, 6],[2, 9]
425,10,6,4,[6, 4, 4, 4, 6, 5],[7, 7, 7, 3]
426,10,7,3,[4, 7, 5, 4, 7, 6, 6],[3, 8, 2]
427,10,8,2,[5, 3, 6, 6, 3, 5, 3, 5],[2, 7]
428,10,7,3,[3, 5, 5, 3, 5, 4, 2],[1, 1, 6]
429,10,6,4,[6, 6, 2, 2, 6, 5],[9, 1, 1, 1]
430,10,8,2,[6, 5, 6, 6, 7, 5, 7, 7],[1, 8]
431,10,6,4,[5, 5, 3, 6, 6, 4],[1, 1, 1, 7]
432,10,6,4,[5, 5, 5, 6, 6, 5],[7, 4, 4, 7]
433,10,6,4,[5, 4, 7, 6, 6, 7],[8, 8, 3, 1]
434,10,8,2,[7, 4, 4, 4, 6, 7, 6, 6],[8, 1]
435,10,7,3,[4, 3, 5, 6, 3, 4, 6],[9, 1, 2]
436,10,7,3,[6, 6, 5, 5, 6, 6, 6],[4, 7, 3]
437,10,7,3,[6, 6, 6, 6, 5, 5, 6],[4, 3, 4]
438,10,6,4,[3, 4, 3, 3, 4, 4],[2, 7, 6, 6]
439,10,7,3,[7, 7, 6, 3, 4, 5, 3],[1, 2, 9]
440,10,6,4,[3, 5, 5, 4, 4, 3],[1, 1, 8, 1]
441,10,7,3,[5, 4, 4, 6, 7, 4, 7],[2, 9, 8]
442,10,6,4,[7, 7, 7, 6, 7, 6],[5, 5, 8, 4]
443,10,7,3,[3, 5, 3, 5, 3, 5, 5],[7, 2, 7]
444,10,7,3,[6, 5, 5, 6, 5, 6, 3],[1, 2, 7]
445,10,7,3,[6, 6, 6, 6, 5, 5, 6],[7, 3, 4]
446,10,6,4,[4, 5, 6, 6, 5, 7],[9, 1, 1, 2]
447,10,8,2,[5, 5, 3, 3, 6, 6, 4, 3],[2, 9]
448,10,5,5,[6, 5, 6, 5, 6],[7, 3, 4, 7, 7]
449,10,4,6,[6, 5, 5, 4],[7, 1, 2, 7, 7, 1]
450,10,7,3,[5, 6, 6, 3, 6, 5, 6],[7, 1, 1]
451,10,3,7,[5, 5, 6],[4, 7, 4, 7, 3, 7, 7]
452,10,8,2,[7, 7, 7, 8, 7, 8, 7, 7],[1, 2]
453,10,7,3,[5, 5, 4, 6, 5, 6, 5],[7, 1, 7]
454,10,8,2,[4, 4, 6, 4, 5, 3, 4, 5],[8, 1]
455,10,7,3,[5, 6, 6, 6, 5, 5, 6],[4, 8, 7]
456,10,3,7,[4, 4, 3],[2, 5, 2, 2, 6, 5, 2]
457,10,6,4,[3, 4, 3, 3, 3, 3],[5, 5, 1, 6]
458,10,7,3,[6, 6, 7, 7, 7, 7, 6],[3, 9, 1]
459,10,5,5,[4, 3, 5, 4, 4],[6, 1, 1, 6, 6]
460,10,8,2,[4, 4, 5, 3, 6, 3, 4, 5],[2, 9]
461,10,8,2,[6, 3, 2, 5, 3, 2, 6, 5],[9, 1]
463,10,5,5,[5, 5, 4, 4, 6],[1, 7, 1, 7, 7]
464,10,5,5,[6, 6, 5, 6, 5],[7, 7, 4, 4, 7]
465,10,7,3,[3, 3, 5, 5, 5, 4, 7],[8, 2, 9]
466,10,8,2,[3, 3, 6, 5, 6, 5, 5, 3],[2, 7]
467,10,7,3,[3, 5, 4, 5, 3, 5, 5],[6, 2, 2]
468,10,7,3,[5, 3, 4, 3, 5, 3, 5],[6, 1, 2]
469,10,7,3,[7, 6, 6, 3, 5, 5, 6],[1, 1, 9]
470,10,9,1,[7, 7, 7, 5, 6, 6, 7, 6, 6],[3]
471,10,4,6,[5, 4, 5, 5],[2, 3, 6, 3, 6, 6]
472,10,8,2,[7, 6, 4, 6, 7, 6, 7, 6],[2, 2]
473,10,8,2,[6, 6, 6, 7, 7, 7, 7, 6],[2, 8]
474,10,6,4,[6, 4, 6, 4, 6, 5],[3, 7, 8, 3]
475,10,6,4,[5, 5, 4, 3, 6, 3],[7, 1, 1, 7]
477,10,5,5,[6, 6, 6, 6, 5],[3, 8, 8, 3, 2]
478,10,6,4,[6, 6, 3, 5, 6, 6],[7, 1, 7, 1]
479,10,4,6,[3, 3, 5, 5],[1, 7, 6, 1, 1, 1]
480,10,5,5,[5, 5, 4, 6, 6],[7, 1, 3, 7, 7]
481,10,6,4,[5, 6, 6, 6, 6, 6],[4, 7, 4, 4]
482,10,7,3,[7, 8, 4, 8, 6, 4, 7],[3, 9, 1]
483,10,6,4,[4, 3, 3, 4, 3, 4],[5, 5, 5, 1]
484,10,8,2,[6, 6, 7, 5, 7, 6, 7, 7],[3, 2]
485,10,6,4,[5, 6, 5, 6, 4, 6],[3, 7, 3, 7]
486,10,8,2,[6, 7, 7, 7, 6, 7, 4, 6],[2, 1]
487,10,5,5,[3, 3, 5, 3, 5],[6, 7, 2, 6, 1]
488,10,5,5,[5, 4, 3, 5, 3],[6, 6, 1, 2, 6]
489,10,6,4,[5, 5, 4, 5, 5, 4],[2, 3, 7, 6]
490,10,7,3,[5, 4, 4, 5, 3, 5, 3],[2, 7, 1]
491,10,9,1,[4, 5, 6, 5, 6, 3, 6, 3, 6],[1]
493,10,7,3,[6, 7, 6, 7, 7, 7, 5],[2, 8, 8]
494,10,6,4,[5, 6, 6, 6, 6, 4],[3, 7, 1, 7]
495,10,7,3,[5, 5, 2, 3, 5, 3, 3],[6, 1, 1]
496,10,7,3,[6, 6, 4, 6, 6, 5, 6],[7, 3, 3]
497,10,7,3,[5, 4, 6, 5, 6, 5, 5],[1, 1, 7]
498,10,6,4,[5, 5, 4, 5, 4, 5],[7, 3, 7, 7]
499,10,9,1,[7, 6, 4, 6, 6, 7, 5, 6, 6],[1]
500,10,9,1,[6, 6, 5, 5, 3, 6, 4, 5, 4],[1]
501,10,7,3,[7, 6, 7, 6, 4, 6, 5],[1, 2, 8]
502,10,4,6,[5, 6, 4, 3],[2, 7, 2, 7, 7, 2]
503,10,9,1,[4, 3, 6, 4, 6, 6, 3, 6, 6],[1]
504,10,7,3,[3, 5, 6, 3, 5, 5, 5],[1, 1, 7]
505,10,5,5,[4, 4, 4, 4, 6],[2, 8, 1, 7, 7]
506,10,7,3,[5, 3, 6, 6, 5, 6, 4],[2, 2, 7]
507,10,6,4,[3, 5, 3, 5, 5, 5],[1, 6, 1, 6]
508,10,2,8,[5, 5],[3, 6, 6, 6, 6, 3, 3, 3]
509,10,9,1,[6, 5, 5, 5, 4, 5, 6, 5, 5],[1]
510,10,8,2,[5, 6, 5, 7, 5, 6, 7, 6],[2, 8]
511,10,8,2,[3, 5, 3, 5, 6, 6, 5, 7],[9, 1]
512,10,6,4,[2, 2, 4, 2, 5, 3],[6, 6, 1, 7]
513,10,7,3,[4, 6, 5, 4, 6, 6, 4],[1, 8, 1]
514,10,6,4,[5, 4, 6, 6, 5, 6],[3, 3, 7, 8]
515,10,7,3,[5, 6, 6, 4, 6, 4, 5],[3, 3, 8]
516,10,7,3,[5, 3, 3, 3, 4, 5, 3],[1, 6, 6]
517,10,7,3,[5, 4, 3, 3, 3, 5, 5],[1, 9, 1]
518,10,6,4,[6, 5, 6, 6, 4, 5],[2, 7, 2, 1]
519,10,7,3,[5, 6, 6, 4, 3, 6, 6],[2, 8, 1]
520,10,9,1,[6, 5, 5, 6, 5, 6, 6, 6, 6],[1]
521,10,7,3,[6, 6, 6, 5, 5, 6, 6],[7, 4, 3]
522,10,9,1,[5, 5, 4, 6, 5, 4, 6, 4, 6],[1]
523,10,5,5,[5, 5, 5, 5, 5],[6, 6, 6, 4, 4]
524,10,6,4,[3, 4, 3, 3, 4, 5],[6, 1, 1, 7]
525,10,8,2,[6, 6, 6, 6, 3, 5, 4, 5],[2, 1]
526,10,7,3,[6, 5, 5, 5, 5, 6, 6],[1, 3, 7]
528,10,5,5,[4, 5, 5, 5, 5],[2, 1, 1, 6, 6]
529,10,6,4,[6, 5, 5, 6, 5, 4],[7, 1, 7, 3]
530,10,6,4,[6, 5, 5, 6, 6, 6],[7, 4, 7, 4]
531,10,7,3,[7, 5, 5, 6, 7, 6, 6],[8, 8, 1]
532,10,7,3,[2, 6, 2, 4, 5, 6, 6],[1, 1, 7]
533,10,7,3,[5, 6, 5, 6, 5, 6, 6],[7, 3, 1]
535,10,6,4,[6, 6, 5, 3, 4, 3],[7, 7, 1, 7]
536,10,5,5,[4, 5, 6, 5, 4],[7, 1, 7, 3, 7]
537,10,8,2,[3, 3, 5, 5, 5, 3, 4, 3],[9, 2]
538,10,8,2,[6, 6, 6, 5, 5, 6, 6, 5],[1, 3]
539,10,6,4,[5, 5, 5, 5, 3, 3],[1, 2, 7, 6]
540,10,5,5,[5, 4, 4, 5, 5],[6, 6, 6, 3, 3]
541,10,6,4,[5, 5, 6, 6, 6, 6],[7, 4, 4, 7]
543,10,5,5,[3, 4, 4, 3, 3],[6, 2, 6, 6, 2]
544,10,7,3,[5, 6, 5, 6, 6, 5, 5],[8, 3, 1]
545,10,6,4,[6, 7, 8, 6, 8, 8],[3, 3, 9, 2]
546,10,8,2,[5, 6, 4, 6, 6, 5, 6, 6],[3, 2]
547,10,6,4,[5, 6, 6, 3, 4, 6],[1, 2, 7, 7]
548,10,6,4,[6, 5, 7, 6, 6, 6],[3, 8, 8, 8]
549,10,6,4,[7, 5, 6, 7, 7, 5],[3, 2, 3, 9]
550,10,7,3,[6, 5, 6, 4, 5, 4, 6],[1, 7, 7]
551,10,7,3,[6, 7, 4, 6, 5, 7, 4],[8, 1, 3]
552,10,7,3,[3, 4, 4, 6, 3, 3, 5],[1, 7, 7]
553,10,8,2,[4, 6, 4, 4, 6, 3, 6, 6],[7, 1]
554,10,8,2,[7, 7, 7, 7, 7, 7, 7, 6],[4, 4]
555,10,4,6,[3, 2, 4, 3],[1, 1, 6, 1, 6, 6]
556,10,7,3,[8, 7, 7, 5, 6, 6, 8],[3, 2, 9]
557,10,8,2,[4, 5, 5, 4, 6, 6, 5, 5],[3, 9]
558,10,8,2,[4, 4, 4, 5, 5, 5, 5, 5],[1, 1]
559,10,5,5,[4, 3, 3, 5, 3],[6, 2, 6, 6, 2]
560,10,8,2,[8, 7, 7, 8, 7, 6, 7, 7],[9, 4]
561,10,8,2,[5, 5, 3, 3, 3, 4, 4, 5],[1, 6]
562,10,8,2,[5, 5, 3, 3, 5, 6, 4, 5],[7, 1]
564,10,8,2,[5, 5, 4, 5, 4, 4, 4, 5],[1, 7]
565,10,7,3,[3, 5, 5, 3, 3, 4, 5],[2, 6, 6]
566,10,8,2,[3, 3, 3, 5, 6, 6, 5, 5],[2, 9]
567,10,7,3,[7, 6, 6, 5, 7, 6, 6],[2, 2, 8]
568,10,6,4,[4, 3, 3, 5, 5, 3],[1, 6, 6, 2]
569,10,9,1,[7, 4, 7, 3, 5, 7, 6, 7, 3],[1]
570,10,6,4,[6, 6, 6, 7, 7, 6],[4, 9, 5, 8]
571,10,7,3,[5, 4, 4, 4, 3, 4, 3],[2, 6, 6]
572,10,6,4,[6, 6, 6, 7, 6, 7],[5, 8, 8, 5]
573,10,4,6,[6, 4, 3, 6],[7, 1, 7, 1, 7, 1]
574,10,6,4,[6, 7, 8, 5, 8, 6],[3, 3, 9, 9]
575,10,6,4,[5, 3, 3, 5, 3, 4],[2, 6, 2, 6]
576,10,6,4,[3, 6, 4, 6, 6, 6],[7, 7, 2, 1]
577,10,5,5,[5, 6, 6, 6, 6],[7, 4, 8, 4, 3]
578,10,8,2,[6, 4, 5, 4, 6, 6, 6, 6],[7, 2]
579,10,7,3,[3, 4, 5, 4, 5, 3, 4],[2, 2, 8]
580,10,7,3,[7, 6, 5, 7, 7, 6, 6],[3, 9, 3]
581,10,3,7,[5, 5, 4],[6, 6, 3, 3, 6, 6, 3]
582,10,8,2,[6, 6, 5, 5, 6, 6, 5, 6],[3, 4]
583,10,8,2,[5, 5, 5, 4, 6, 3, 4, 5],[1, 9]
584,10,6,4,[4, 6, 5, 5, 5, 6],[3, 7, 2, 7]
585,10,8,2,[3, 4, 5, 6, 6, 6, 4, 5],[8, 1]
586,10,6,4,[3, 5, 4, 3, 3, 3],[6, 1, 1, 6]
587,10,8,2,[5, 7, 6, 6, 7, 7, 6, 7],[2, 3]
588,10,7,3,[6, 3, 4, 6, 6, 6, 3],[7, 7, 1]
589,10,7,3,[3, 5, 5, 5, 5, 3, 3],[6, 2, 7]
590,10,6,4,[6, 6, 5, 3, 5, 6],[1, 7, 7, 2]
591,10,4,6,[4, 4, 6, 4],[3, 3, 7, 3, 7, 8]
592,10,7,3,[5, 6, 6, 7, 8, 7, 8],[9, 4, 3]
593,10,7,3,[4, 4, 6, 6, 5, 4, 5],[9, 8, 1]
594,10,7,3,[3, 4, 5, 3, 5, 4, 5],[1, 6, 2]
595,10,9,1,[3, 3, 4, 3, 4, 4, 4, 3, 3],[6]
596,10,8,2,[3, 4, 6, 5, 5, 6, 7, 3],[2, 9]
597,10,5,5,[5, 5, 5, 4, 5],[2, 7, 3, 3, 7]
598,10,6,4,[3, 5, 4, 5, 4, 5],[1, 1, 7, 6]
599,10,6,4,[5, 5, 4, 5, 4, 5],[7, 2, 6, 3]
600,10,7,3,[4, 6, 5, 5, 5, 4, 5],[7, 2, 2]
601,10,7,3,[5, 5, 5, 5, 5, 5, 5],[6, 3, 6]
602,10,7,3,[5, 5, 5, 5, 5, 5, 4],[3, 7, 8]
603,10,4,6,[3, 4, 4, 3],[2, 5, 5, 5, 5, 2]
604,10,7,3,[3, 3, 3, 3, 3, 5, 4],[6, 2, 6]
605,10,6,4,[5, 5, 4, 4, 3, 4],[6, 6, 6, 1]
606,10,7,3,[3, 4, 4, 3, 2, 3, 4],[6, 1, 1]
607,10,7,3,[4, 6, 6, 5, 3, 3, 5],[7, 7, 1]
608,10,4,6,[5, 3, 5, 5],[1, 2, 1, 6, 6, 6]
609,10,5,5,[3, 5, 4, 3, 5],[2, 6, 7, 6, 2]
610,10,7,3,[6, 6, 5, 4, 6, 4, 5],[2, 7, 7]
611,10,6,4,[4, 5, 3, 5, 5, 4],[7, 2, 6, 1]
612,10,7,3,[5, 4, 3, 5, 5, 4, 5],[1, 2, 2]
613,10,7,3,[5, 6, 5, 6, 6, 6, 5],[2, 3, 7]
614,10,6,4,[5, 3, 3, 5, 5, 3],[1, 6, 1, 6]
615,10,9,1,[3, 3, 5, 3, 6, 6, 5, 5, 3],[9]
616,10,6,4,[5, 5, 5, 4, 4, 4],[6, 6, 6, 3]
617,10,7,3,[3, 5, 5, 4, 3, 5, 5],[2, 1, 6]
618,10,6,4,[4, 3, 5, 5, 5, 4],[6, 1, 1, 1]
619,10,6,4,[5, 5, 2, 4, 3, 3],[6, 6, 1, 1]
620,10,8,2,[1, 1, 2, 1, 4, 2, 4, 1],[5, 5]
621,10,5,5,[5, 4, 5, 4, 4],[6, 2, 6, 6, 3]
622,10,7,3,[3, 3, 4, 2, 2, 3, 4],[6, 1, 1]
623,10,4,6,[5, 6, 6, 6],[4, 7, 3, 4, 7, 7]
624,10,8,2,[5, 3, 4, 3, 4, 5, 5, 5],[9, 2]
625,10,6,4,[3, 5, 4, 7, 3, 6],[2, 2, 9, 9]
626,10,7,3,[6, 6, 5, 4, 6, 5, 6],[7, 2, 7]
627,10,6,4,[6, 7, 7, 7, 6, 7],[5, 9, 5, 8]
628,10,6,4,[7, 5, 7, 4, 6, 4],[8, 3, 8, 3]
629,10,6,4,[3, 3, 5, 6, 3, 5],[2, 7, 7, 7]
632,10,5,5,[4, 5, 4, 6, 4],[7, 7, 7, 7, 3]
633,10,7,3,[3, 3, 5, 5, 4, 4, 4],[6, 2, 1]
634,10,8,2,[7, 5, 7, 5, 6, 4, 4, 5],[1, 9]
635,10,5,5,[5, 5, 5, 4, 4],[6, 6, 3, 6, 3]
636,10,6,4,[5, 5, 7, 7, 6, 7],[3, 4, 4, 8]
637,10,6,4,[3, 4, 4, 3, 3, 3],[1, 6, 1, 5]
638,10,7,3,[3, 4, 4, 4, 4, 4, 3],[5, 1, 1]
639,10,7,3,[6, 6, 6, 4, 6, 5, 5],[7, 7, 2]
640,10,6,4,[5, 6, 6, 5, 4, 4],[7, 7, 3, 2]
641,10,7,3,[4, 6, 4, 6, 6, 6, 4],[7, 3, 7]
642,10,4,6,[5, 6, 4, 4],[8, 3, 7, 7, 3, 3]
643,10,6,4,[6, 7, 6, 5, 6, 6],[9, 3, 8, 3]
644,10,7,3,[4, 5, 3, 3, 5, 3, 5],[2, 6, 2]
645,10,8,2,[5, 6, 6, 6, 4, 4, 6, 6],[3, 3]
646,10,7,3,[5, 5, 5, 5, 5, 5, 5],[6, 2, 3]
647,10,8,2,[5, 6, 6, 5, 6, 6, 5, 6],[2, 3]
648,10,7,3,[6, 6, 4, 4, 6, 5, 6],[9, 3, 3]
649,10,6,4,[4, 5, 4, 6, 5, 5],[1, 7, 7, 7]
650,10,8,2,[5, 4, 6, 6, 5, 5, 4, 5],[7, 3]
651,10,7,3,[6, 5, 3, 5, 4, 6, 5],[2, 2, 8]
652,10,8,2,[7, 7, 7, 8, 6, 6, 7, 7],[9, 4]
653,10,5,5,[3, 5, 3, 5, 5],[6, 6, 6, 1, 2]
654,10,8,2,[7, 6, 6, 5, 6, 7, 7, 5],[2, 8]
655,10,6,4,[6, 5, 4, 5, 6, 4],[7, 7, 3, 2]
656,10,6,4,[5, 4, 6, 6, 5, 6],[1, 2, 7, 1]
657,10,8,2,[6, 7, 6, 4, 5, 6, 7, 5],[8, 2]
658,10,8,2,[7, 6, 7, 6, 5, 5, 6, 7],[9, 2]
659,10,8,2,[6, 6, 6, 4, 5, 7, 7, 7],[3, 1]
660,10,8,2,[6, 7, 7, 6, 5, 7, 7, 6],[4, 4]
661,10,6,4,[6, 7, 7, 5, 7, 6],[9, 4, 4, 4]
662,10,8,2,[7, 7, 6, 6, 6, 5, 5, 6],[2, 8]
663,10,7,3,[5, 7, 7, 6, 6, 7, 7],[8, 1, 3]
664,10,6,4,[8, 8, 7, 5, 7, 6],[1, 3, 9, 3]
665,10,7,3,[4, 4, 4, 5, 5, 3, 6],[1, 1, 9]
666,10,6,4,[3, 5, 5, 3, 5, 5],[1, 2, 6, 6]
667,10,7,3,[2, 2, 2, 4, 2, 3, 3],[5, 5, 6]
668,10,4,6,[3, 4, 4, 3],[2, 5, 2, 5, 5, 1]
669,10,7,3,[3, 3, 2, 4, 2, 5, 3],[1, 6, 6]
670,10,7,3,[6, 6, 6, 5, 6, 5, 6],[3, 3, 3]
671,10,6,4,[4, 3, 4, 3, 3, 4],[1, 5, 6, 2]
672,10,7,3,[5, 6, 7, 7, 7, 5, 4],[8, 2, 3]
673,10,4,6,[5, 4, 5, 4],[2, 3, 6, 6, 6, 3]
674,10,6,4,[5, 4, 5, 4, 5, 5],[6, 3, 3, 3]
675,10,5,5,[3, 5, 5, 3, 3],[7, 2, 7, 8, 1]
676,10,7,3,[6, 7, 6, 7, 7, 7, 6],[4, 5, 8]
677,10,7,3,[2, 3, 4, 4, 3, 2, 4],[1, 6, 6]
678,10,6,4,[5, 5, 4, 5, 5, 4],[2, 3, 3, 6]
679,10,8,2,[6, 7, 7, 5, 6, 7, 7, 7],[4, 4]
680,10,8,2,[4, 4, 5, 6, 5, 6, 4, 5],[3, 7]
681,10,9,1,[8, 6, 7, 8, 7, 7, 7, 7, 7],[3]
682,10,7,3,[5, 4, 4, 4, 3, 6, 5],[1, 7, 7]
683,10,7,3,[3, 3, 6, 4, 5, 4, 5],[2, 7, 9]
684,10,7,3,[5, 5, 3, 5, 3, 4, 3],[6, 1, 6]
685,10,7,3,[4, 5, 5, 6, 5, 6, 5],[7, 3, 3]
686,10,7,3,[5, 6, 5, 6, 6, 6, 6],[3, 3, 1]
687,10,8,2,[7, 6, 6, 6, 7, 7, 7, 6],[4, 5]
688,10,8,2,[5, 6, 3, 5, 6, 5, 4, 4],[7, 1]
689,10,7,3,[5, 4, 5, 4, 5, 6, 4],[9, 3, 7]
692,10,6,4,[4, 4, 5, 4, 5, 5],[2, 6, 6, 3]
693,10,4,6,[5, 6, 5, 6],[4, 4, 7, 4, 7, 8]
694,10,8,2,[6, 6, 5, 6, 5, 4, 6, 3],[1, 2]
695,10,6,4,[5, 3, 4, 3, 5, 5],[6, 1, 2, 6]
696,10,5,5,[6, 6, 6, 5, 5],[4, 4, 3, 7, 7]
697,10,5,5,[4, 4, 3, 5, 6],[2, 2, 7, 7, 7]
698,10,8,2,[7, 4, 7, 3, 7, 8, 8, 8],[2, 1]
699,10,8,2,[6, 3, 7, 7, 7, 6, 3, 6],[1, 1]
700,10,4,6,[6, 6, 6, 6],[7, 3, 7, 7, 4, 4]
701,10,7,3,[8, 7, 8, 7, 6, 6, 7],[9, 9, 5]
702,10,8,2,[6, 3, 6, 3, 3, 6, 6, 5],[1, 7]
703,10,5,5,[5, 5, 5, 6, 6],[7, 7, 7, 3, 4]
704,10,8,2,[6, 6, 6, 5, 5, 5, 5, 5],[7, 3]
705,10,7,3,[3, 5, 3, 6, 6, 6, 6],[7, 1, 1]
706,10,9,1,[6, 6, 5, 6, 4, 5, 3, 3, 6],[1]
707,10,8,2,[7, 7, 7, 8, 5, 7, 4, 6],[9, 1]
708,10,8,2,[6, 6, 5, 4, 5, 6, 6, 6],[3, 3]
709,10,6,4,[3, 3, 3, 3, 3, 4],[1, 5, 5, 5]
710,10,7,3,[6, 4, 5, 6, 5, 5, 6],[8, 2, 1]
711,10,6,4,[2, 3, 3, 2, 2, 4],[5, 6, 5, 1]
712,10,7,3,[5, 5, 6, 6, 4, 5, 5],[3, 1, 7]
713,10,7,3,[6, 6, 6, 6, 5, 4, 6],[3, 3, 3]
714,10,6,4,[5, 4, 5, 4, 5, 6],[8, 3, 3, 3]
715,10,6,4,[5, 5, 3, 3, 5, 4],[6, 2, 2, 1]
716,10,7,3,[6, 5, 7, 6, 7, 5, 6],[9, 4, 3]
717,10,7,3,[5, 5, 3, 4, 3, 5, 3],[6, 1, 2]
718,10,6,4,[6, 5, 4, 5, 6, 4],[7, 7, 7, 2]
719,10,7,3,[5, 7, 4, 4, 6, 4, 3],[1, 9, 9]
720,10,6,4,[4, 6, 5, 5, 6, 4],[3, 7, 7, 1]
721,10,8,2,[7, 6, 7, 6, 7, 6, 7, 7],[4, 4]
722,10,8,2,[6, 6, 6, 6, 5, 5, 5, 6],[3, 7]
723,10,7,3,[6, 4, 5, 5, 5, 6, 4],[2, 3, 7]
724,10,5,5,[3, 2, 2, 2, 4],[6, 1, 5, 1, 1]
725,10,6,4,[5, 6, 6, 4, 5, 6],[3, 7, 1, 7]
726,10,6,4,[6, 5, 5, 4, 5, 6],[7, 2, 7, 7]
728,10,6,4,[3, 6, 4, 6, 5, 6],[2, 7, 2, 1]
729,10,7,3,[3, 6, 5, 3, 6, 4, 4],[7, 8, 1]
730,10,7,3,[4, 4, 5, 5, 3, 5, 5],[1, 6, 1]
731,10,5,5,[5, 3, 6, 4, 3],[1, 7, 1, 1, 7]
732,10,7,3,[5, 6, 6, 5, 6, 6, 4],[7, 3, 1]
733,10,7,3,[3, 5, 5, 6, 5, 4, 3],[8, 1, 2]
734,10,7,3,[5, 7, 7, 7, 4, 6, 6],[1, 8, 8]
735,10,9,1,[3, 3, 6, 5, 4, 6, 6, 5, 6],[1]
736,10,7,3,[5, 7, 6, 5, 6, 6, 6],[8, 2, 3]
737,10,6,4,[5, 6, 6, 6, 6, 5],[4, 4, 7, 4]
738,10,6,4,[5, 5, 5, 5, 3, 4],[1, 6, 6, 1]
739,10,6,4,[3, 4, 3, 4, 3, 4],[2, 5, 5, 2]
740,10,6,4,[6, 7, 6, 7, 6, 6],[8, 8, 9, 5]
741,10,7,3,[6, 7, 7, 6, 6, 6, 5],[4, 8, 2]
742,10,3,7,[5, 5, 5],[3, 6, 3, 3, 6, 6, 3]
743,10,7,3,[6, 5, 5, 5, 6, 6, 7],[9, 1, 3]
744,10,6,4,[6, 4, 5, 6, 6, 5],[3, 7, 7, 3]
745,10,5,5,[5, 5, 5, 4, 4],[6, 3, 6, 3, 2]
747,10,6,4,[7, 7, 8, 7, 8, 6],[9, 9, 3, 1]
748,10,6,4,[3, 4, 5, 5, 3, 3],[6, 2, 6, 2]
749,10,7,3,[4, 3, 5, 4, 5, 5, 3],[6, 2, 2]
750,10,6,4,[4, 5, 5, 4, 5, 3],[6, 2, 2, 7]
751,10,6,4,[5, 3, 4, 6, 6, 3],[2, 8, 7, 2]
752,10,5,5,[3, 3, 3, 3, 4],[7, 2, 6, 6, 6]
753,10,7,3,[6, 3, 6, 4, 7, 3, 7],[2, 1, 9]
754,10,6,4,[5, 5, 3, 5, 4, 3],[7, 1, 2, 6]
755,10,7,3,[7, 5, 6, 4, 5, 7, 6],[8, 3, 2]
756,10,7,3,[3, 3, 5, 5, 5, 3, 5],[6, 6, 1]
757,10,8,2,[5, 6, 5, 5, 5, 6, 6, 6],[2, 3]
758,10,9,1,[4, 5, 5, 4, 5, 3, 5, 4, 3],[2]
759,10,7,3,[5, 4, 2, 2, 3, 5, 5],[8, 1, 9]
760,10,7,3,[8, 6, 7, 8, 8, 7, 7],[4, 4, 9]
761,10,5,5,[3, 4, 4, 5, 3],[2, 6, 2, 7, 6]
762,10,7,3,[8, 7, 6, 7, 7, 6, 6],[9, 4, 9]
763,10,6,4,[5, 6, 5, 4, 4, 4],[3, 2, 8, 7]
764,10,4,6,[6, 5, 6, 6],[7, 4, 4, 7, 7, 4]
765,10,5,5,[5, 4, 3, 4, 5],[7, 1, 1, 1, 7]
766,10,4,6,[3, 5, 5, 3],[6, 2, 1, 2, 6, 6]
767,10,7,3,[6, 6, 4, 5, 6, 5, 6],[3, 3, 2]
768,10,4,6,[3, 2, 2, 3],[4, 4, 1, 4, 1, 1]
769,10,7,3,[3, 4, 3, 6, 4, 3, 3],[7, 7, 8]
771,10,6,4,[5, 6, 5, 6, 6, 5],[7, 3, 7, 4]
772,10,8,2,[6, 5, 7, 7, 7, 6, 5, 6],[3, 1]
773,10,4,6,[6, 5, 4, 5],[2, 7, 8, 7, 3, 3]
774,10,7,3,[4, 5, 4, 6, 6, 5, 5],[7, 3, 3]
775,10,6,4,[5, 6, 6, 4, 5, 6],[7, 3, 1, 7]
776,10,7,3,[3, 4, 5, 3, 3, 4, 5],[1, 6, 6]
777,10,7,3,[6, 5, 6, 6, 6, 4, 5],[1, 2, 2]
778,10,6,4,[2, 3, 3, 3, 2, 5],[7, 6, 6, 1]
779,10,5,5,[5, 3, 6, 3, 6],[2, 2, 7, 2, 7]
780,10,7,3,[4, 2, 2, 3, 5, 3, 4],[6, 1, 6]
781,10,7,3,[6, 6, 5, 6, 5, 4, 6],[3, 3, 7]
782,10,8,2,[4, 3, 5, 3, 3, 3, 5, 5],[6, 1]
783,10,7,3,[7, 6, 7, 6, 6, 7, 6],[5, 5, 9]
784,10,8,2,[6, 4, 6, 4, 6, 6, 6, 5],[3, 3]
785,10,6,4,[6, 4, 5, 6, 6, 4],[1, 8, 9, 2]
786,10,7,3,[6, 3, 5, 3, 6, 4, 6],[2, 7, 2]
787,10,8,2,[6, 6, 6, 6, 5, 6, 5, 6],[1, 3]
788,10,7,3,[5, 6, 6, 6, 4, 6, 5],[3, 3, 7]
789,10,7,3,[7, 7, 6, 7, 6, 7, 7],[4, 3, 4]
790,10,7,3,[5, 6, 7, 6, 7, 7, 6],[8, 4, 4]
791,10,7,3,[7, 6, 7, 8, 8, 5, 6],[4, 9, 3]
792,10,6,4,[5, 3, 3, 4, 5, 6],[2, 7, 1, 7]
793,10,6,4,[6, 6, 6, 5, 4, 6],[7, 3, 7, 2]
794,10,7,3,[5, 3, 3, 5, 4, 3, 5],[7, 2, 2]
795,10,6,4,[4, 4, 5, 3, 4, 5],[2, 6, 6, 1]
796,10,7,3,[3, 5, 5, 4, 3, 5, 4],[6, 1, 6]
797,10,6,4,[5, 5, 4, 5, 5, 4],[3, 3, 6, 3]
798,10,7,3,[6, 6, 7, 7, 6, 7, 7],[3, 8, 8]
800,10,7,3,[6, 5, 6, 5, 5, 5, 5],[7, 4, 8]
801,10,8,2,[7, 6, 7, 6, 7, 6, 7, 7],[9, 5]
802,10,7,3,[5, 6, 6, 6, 6, 6, 5],[7, 1, 3]
803,10,9,1,[4, 4, 6, 4, 5, 6, 6, 5, 6],[1]
804,10,7,3,[6, 7, 5, 6, 6, 6, 4],[2, 1, 8]
805,10,8,2,[4, 3, 3, 6, 6, 6, 4, 4],[9, 2]
806,10,7,3,[7, 7, 6, 7, 7, 7, 6],[4, 8, 1]
807,10,8,2,[6, 6, 4, 5, 4, 5, 6, 6],[7, 1]
808,10,4,6,[6, 6, 5, 4],[7, 3, 3, 7, 3, 8]
809,10,6,4,[7, 6, 8, 6, 8, 6],[5, 9, 5, 9]
810,10,6,4,[5, 5, 5, 4, 6, 4],[7, 7, 3, 3]
811,10,7,3,[6, 7, 5, 5, 6, 5, 5],[4, 8, 9]
812,10,6,4,[5, 4, 4, 5, 5, 5],[7, 3, 6, 3]
813,10,7,3,[3, 4, 2, 4, 3, 2, 4],[6, 5, 1]
814,10,7,3,[4, 5, 5, 4, 5, 5, 5],[3, 6, 3]
815,10,5,5,[4, 4, 5, 5, 3],[6, 6, 2, 1, 2]
816,10,6,4,[3, 3, 2, 3, 2, 4],[1, 5, 5, 5]
817,10,6,4,[4, 6, 6, 5, 6, 4],[2, 7, 3, 7]
818,10,9,1,[5, 8, 8, 8, 5, 8, 6, 5, 6],[1]
819,10,6,4,[5, 5, 4, 3, 2, 3],[6, 6, 1, 1]
820,10,9,1,[3, 5, 5, 3, 5, 3, 5, 5, 3],[1]
821,10,6,4,[6, 5, 5, 5, 5, 4],[7, 7, 3, 3]
822,10,3,7,[4, 4, 5],[6, 3, 3, 3, 3, 6, 6]
823,10,5,5,[3, 5, 5, 4, 3],[6, 6, 2, 6, 2]
824,10,7,3,[4, 5, 5, 5, 4, 5, 3],[1, 6, 6]
825,10,7,3,[5, 5, 3, 3, 3, 3, 5],[1, 1, 7]
826,10,7,3,[3, 5, 6, 6, 3, 6, 5],[7, 2, 2]
827,10,8,2,[7, 7, 7, 6, 7, 6, 6, 6],[3, 1]
829,10,5,5,[3, 4, 3, 3, 4],[1, 5, 1, 1, 6]
830,10,5,5,[5, 4, 4, 4, 4],[3, 3, 3, 6, 6]
831,10,7,3,[3, 5, 4, 4, 4, 5, 5],[2, 1, 6]
832,10,6,4,[6, 6, 6, 5, 4, 4],[3, 3, 3, 8]
833,10,8,2,[3, 6, 5, 4, 6, 6, 3, 5],[1, 7]
834,10,6,4,[5, 3, 3, 4, 3, 4],[6, 6, 6, 2]
835,10,4,6,[5, 3, 4, 4],[6, 2, 2, 6, 6, 6]
836,10,7,3,[5, 3, 3, 5, 3, 5, 4],[7, 2, 6]
837,10,7,3,[4, 4, 3, 3, 3, 2, 4],[9, 1, 1]
838,10,7,3,[4, 3, 3, 4, 4, 3, 5],[6, 2, 6]
840,10,8,2,[4, 6, 5, 6, 6, 4, 3, 4],[8, 1]
841,10,5,5,[3, 4, 4, 2, 4],[5, 1, 5, 1, 5]
842,10,7,3,[5, 4, 6, 5, 5, 3, 6],[2, 2, 7]
843,10,7,3,[7, 6, 7, 7, 6, 6, 6],[5, 5, 8]
844,10,7,3,[5, 6, 4, 4, 5, 3, 4],[7, 7, 1]
845,10,6,4,[6, 4, 6, 5, 5, 5],[2, 3, 7, 7]
846,10,7,3,[6, 5, 5, 5, 6, 6, 5],[3, 7, 7]
847,10,6,4,[5, 3, 3, 3, 4, 5],[6, 2, 6, 6]
848,10,6,4,[6, 4, 4, 6, 6, 4],[2, 7, 7, 3]
849,10,8,2,[6, 4, 5, 6, 6, 6, 7, 4],[3, 9]
850,10,8,2,[8, 6, 8, 6, 8, 6, 6, 7],[1, 3]
851,10,6,4,[8, 6, 8, 6, 6, 7],[1, 9, 3, 3]
852,10,7,3,[4, 4, 4, 6, 5, 5, 5],[9, 3, 3]
853,10,4,6,[5, 6, 6, 6],[7, 7, 7, 4, 3, 4]
854,10,6,4,[6, 6, 7, 5, 5, 7],[9, 1, 2, 2]
855,10,7,3,[5, 6, 6, 6, 5, 6, 4],[3, 7, 3]
856,10,6,4,[4, 4, 5, 3, 5, 3],[1, 6, 6, 6]
857,10,6,4,[5, 6, 7, 6, 5, 6],[4, 9, 8, 3]
858,10,4,6,[5, 5, 4, 5],[3, 2, 6, 6, 6, 3]
859,10,6,4,[7, 5, 5, 5, 6, 7],[2, 8, 1, 8]
860,10,6,4,[4, 6, 4, 3, 3, 4],[9, 1, 8, 9]
861,10,8,2,[5, 3, 3, 4, 5, 3, 5, 5],[9, 2]
862,10,6,4,[5, 7, 5, 8, 7, 7],[2, 9, 9, 2]
863,10,6,4,[5, 6, 4, 4, 6, 5],[8, 3, 3, 3]
864,10,8,2,[6, 5, 4, 3, 4, 3, 6, 5],[7, 1]
865,10,6,4,[4, 5, 5, 6, 6, 5],[7, 3, 3, 2]
866,10,7,3,[4, 5, 4, 7, 7, 4, 7],[8, 1, 9]
867,10,6,4,[6, 5, 6, 5, 6, 6],[3, 4, 7, 8]
868,10,9,1,[5, 8, 6, 8, 5, 8, 7, 6, 6],[1]
869,10,6,4,[3, 6, 7, 7, 6, 5],[8, 2, 1, 8]
871,10,5,5,[5, 4, 4, 3, 4],[2, 6, 6, 7, 2]
872,10,7,3,[5, 5, 6, 5, 6, 5, 6],[7, 3, 1]
874,10,6,4,[6, 5, 6, 5, 6, 6],[9, 3, 3, 2]
875,10,6,4,[7, 7, 6, 6, 6, 6],[9, 2, 9, 4]
876,10,6,4,[5, 4, 4, 4, 4, 5],[6, 3, 3, 3]
877,10,7,3,[5, 3, 4, 3, 5, 5, 5],[1, 2, 7]
878,10,9,1,[4, 6, 6, 3, 3, 4, 5, 4, 3],[9]
879,10,7,3,[6, 6, 3, 4, 3, 4, 3],[2, 7, 7]
881,10,7,3,[4, 6, 5, 6, 5, 6, 5],[2, 9, 3]
882,10,9,1,[5, 3, 6, 3, 6, 3, 3, 3, 5],[9]
883,10,7,3,[4, 5, 6, 5, 3, 3, 3],[7, 2, 7]
884,10,6,4,[7, 6, 5, 5, 5, 6],[9, 2, 3, 3]
885,10,6,4,[3, 5, 5, 4, 5, 5],[2, 1, 7, 7]
886,10,6,4,[3, 3, 4, 4, 3, 4],[2, 2, 5, 5]
887,10,7,3,[6, 5, 6, 6, 5, 6, 6],[2, 7, 3]
888,10,6,4,[6, 5, 6, 6, 6, 6],[3, 4, 4, 7]
889,10,7,3,[5, 5, 5, 5, 4, 5, 3],[7, 2, 1]
890,10,6,4,[4, 4, 5, 3, 5, 4],[6, 1, 2, 7]
891,10,6,4,[6, 7, 7, 7, 6, 5],[3, 8, 3, 3]
892,10,8,2,[5, 3, 6, 3, 6, 4, 6, 6],[1, 1]
893,10,6,4,[3, 6, 6, 3, 5, 4],[8, 1, 2, 7]
894,10,7,3,[3, 4, 5, 4, 4, 5, 6],[9, 7, 2]
895,10,6,4,[6, 4, 4, 7, 5, 6],[8, 1, 8, 1]
896,10,6,4,[6, 7, 6, 6, 6, 6],[1, 8, 3, 3]
897,10,8,2,[3, 3, 5, 3, 3, 5, 3, 4],[7, 7]
898,10,7,3,[6, 6, 6, 4, 4, 6, 5],[7, 2, 2]
899,10,5,5,[6, 6, 6, 4, 6],[3, 8, 7, 3, 2]
900,10,6,4,[4, 5, 3, 5, 4, 5],[2, 6, 2, 7]
901,10,9,1,[4, 5, 4, 6, 6, 5, 6, 6, 6],[2]
902,10,7,3,[6, 4, 3, 5, 4, 5, 6],[8, 2, 2]
903,10,8,2,[4, 3, 5, 4, 4, 3, 5, 3],[6, 2]
904,10,6,4,[4, 6, 5, 4, 2, 3],[7, 1, 1, 7]
905,10,8,2,[6, 2, 6, 5, 4, 3, 2, 4],[9, 1]
906,10,5,5,[3, 3, 4, 2, 3],[5, 1, 1, 5, 5]
907,10,8,2,[6, 6, 3, 4, 3, 6, 6, 6],[1, 1]
908,10,7,3,[4, 4, 4, 4, 5, 5, 4],[6, 7, 2]
909,10,7,3,[4, 6, 6, 5, 4, 6, 5],[2, 7, 3]
910,10,7,3,[7, 4, 4, 6, 5, 5, 7],[3, 9, 3]
911,10,7,3,[2, 1, 1, 1, 2, 1, 1],[5, 6, 5]
912,10,3,7,[5, 4, 3],[6, 6, 6, 6, 2, 1, 2]
913,10,6,4,[3, 3, 5, 7, 6, 4],[8, 2, 1, 9]
914,10,7,3,[5, 5, 4, 3, 5, 2, 3],[6, 1, 1]
915,10,8,2,[2, 3, 3, 5, 6, 3, 6, 2],[1, 9]
916,10,5,5,[6, 4, 5, 5, 4],[3, 7, 7, 3, 8]
918,10,7,3,[7, 7, 7, 4, 6, 6, 5],[1, 2, 8]
919,10,7,3,[3, 4, 3, 4, 4, 4, 3],[6, 1, 5]
920,10,6,4,[4, 5, 6, 6, 4, 5],[7, 3, 7, 1]
921,10,5,5,[4, 5, 5, 4, 5],[6, 6, 3, 6, 3]
922,10,8,2,[6, 5, 5, 6, 6, 6, 5, 6],[3, 7]
923,10,6,4,[3, 3, 5, 5, 5, 5],[6, 2, 7, 2]
924,10,4,6,[3, 5, 4, 3],[6, 2, 6, 6, 1, 2]
925,10,7,3,[7, 7, 4, 6, 7, 4, 5],[3, 9, 3]
926,10,8,2,[5, 5, 6, 6, 6, 6, 6, 3],[1, 2]
927,10,8,2,[4, 5, 6, 6, 5, 5, 6, 6],[2, 1]
928,10,8,2,[6, 6, 6, 6, 4, 6, 5, 5],[1, 3]
929,10,7,3,[5, 5, 5, 3, 3, 4, 3],[6, 6, 2]
930,10,6,4,[5, 5, 5, 5, 2, 4],[1, 9, 1, 1]
931,10,5,5,[5, 6, 4, 5, 4],[2, 3, 7, 7, 7]
932,10,6,4,[5, 6, 5, 6, 4, 5],[3, 7, 3, 2]
933,10,5,5,[6, 6, 5, 4, 6],[7, 2, 2, 1, 7]
934,10,5,5,[4, 4, 3, 3, 4],[6, 6, 2, 6, 6]
935,10,7,3,[3, 3, 6, 5, 3, 5, 6],[7, 7, 1]
936,10,6,4,[6, 5, 4, 6, 6, 3],[2, 2, 7, 2]
937,10,6,4,[6, 4, 4, 6, 5, 3],[2, 7, 2, 7]
938,10,6,4,[4, 4, 6, 5, 4, 5],[7, 7, 2, 3]
940,10,8,2,[6, 4, 6, 3, 4, 3, 3, 5],[2, 9]
941,10,7,3,[3, 4, 3, 3, 3, 4, 4],[5, 6, 2]
942,10,7,3,[3, 6, 6, 6, 6, 5, 6],[2, 1, 1]
943,10,6,4,[5, 6, 5, 5, 6, 6],[2, 3, 3, 7]
944,10,7,3,[3, 3, 5, 5, 4, 3, 4],[6, 2, 1]
945,10,7,3,[1, 1, 1, 1, 1, 1, 1],[5, 5, 5]
946,10,5,5,[4, 4, 4, 3, 3],[7, 6, 2, 2, 7]
947,10,7,3,[5, 3, 4, 4, 4, 3, 5],[7, 1, 6]
948,10,7,3,[6, 5, 6, 4, 6, 5, 6],[7, 1, 2]
949,10,8,2,[7, 5, 6, 7, 6, 6, 5, 7],[8, 3]
950,10,5,5,[5, 4, 5, 3, 4],[2, 2, 6, 2, 6]
951,10,5,5,[5, 5, 4, 5, 4],[6, 3, 2, 3, 6]
952,10,8,2,[2, 1, 1, 1, 1, 3, 4, 1],[5, 6]
953,10,8,2,[6, 5, 5, 5, 3, 5, 5, 3],[7, 1]
954,10,5,5,[3, 5, 5, 3, 3],[6, 1, 2, 7, 6]
955,10,6,4,[5, 7, 6, 6, 4, 6],[9, 9, 3, 2]
956,10,5,5,[6, 6, 6, 6, 6],[5, 7, 7, 7, 7]
957,10,6,4,[3, 5, 5, 5, 3, 3],[6, 2, 6, 1]
958,10,7,3,[6, 5, 6, 4, 5, 6, 5],[7, 7, 2]
959,10,6,4,[5, 3, 5, 5, 3, 4],[2, 6, 6, 1]
960,10,6,4,[6, 7, 7, 6, 6, 6],[4, 3, 4, 9]
961,10,5,5,[2, 2, 3, 4, 4],[1, 6, 5, 1, 5]
962,10,7,3,[6, 5, 3, 4, 6, 6, 3],[8, 2, 2]
963,10,7,3,[5, 5, 5, 5, 6, 3, 5],[1, 7, 2]
964,10,5,5,[4, 6, 6, 6, 6],[3, 7, 3, 8, 2]
965,10,6,4,[5, 3, 4, 5, 4, 4],[2, 2, 2, 6]
966,10,7,3,[3, 3, 3, 5, 3, 5, 5],[2, 6, 6]
967,10,5,5,[5, 4, 5, 5, 5],[2, 6, 6, 6, 3]
968,10,7,3,[5, 5, 4, 6, 3, 6, 6],[2, 2, 7]
969,10,7,3,[7, 5, 6, 6, 8, 8, 7],[3, 3, 9]
970,10,9,1,[2, 2, 2, 1, 1, 1, 1, 2, 1],[5]
971,10,6,4,[3, 6, 6, 3, 6, 5],[7, 7, 1, 2]
972,10,7,3,[4, 6, 5, 6, 3, 5, 5],[2, 7, 1]
973,10,6,4,[5, 3, 3, 5, 2, 4],[1, 6, 7, 1]
974,10,7,3,[5, 5, 3, 2, 3, 3, 5],[1, 6, 1]
975,10,6,4,[5, 3, 4, 4, 3, 5],[1, 1, 6, 7]
976,10,5,5,[3, 4, 4, 5, 5],[1, 1, 6, 6, 1]
977,10,5,5,[3, 3, 3, 3, 3],[6, 2, 6, 6, 2]
978,10,7,3,[3, 2, 3, 2, 3, 4, 3],[1, 6, 1]
979,10,8,2,[5, 5, 5, 2, 4, 2, 3, 3],[1, 7]
980,10,8,2,[4, 5, 6, 6, 3, 3, 5, 5],[1, 8]
981,10,5,5,[4, 3, 3, 2, 3],[5, 1, 1, 5, 5]
982,10,5,5,[4, 2, 4, 2, 3],[5, 1, 1, 5, 5]
983,10,6,4,[5, 4, 3, 3, 4, 4],[6, 6, 1, 2]
984,10,5,5,[3, 5, 2, 5, 3],[6, 1, 6, 1, 7]
985,10,5,5,[3, 2, 3, 2, 4],[1, 1, 1, 5, 6]
987,10,8,2,[3, 5, 4, 5, 3, 5, 3, 5],[9, 2]
989,10,7,3,[7, 5, 7, 5, 7, 6, 7],[8, 8, 3]
991,10,7,3,[5, 4, 5, 3, 5, 3, 5],[2, 6, 2]
992,10,8,2,[3, 4, 5, 6, 5, 5, 3, 5],[2, 8]
993,10,7,3,[3, 4, 6, 6, 3, 4, 6],[7, 1, 2]
994,10,7,3,[6, 6, 4, 6, 4, 6, 3],[8, 1, 2]
995,10,7,3,[3, 2, 5, 5, 3, 5, 3],[1, 1, 7]
996,10,8,2,[7, 7, 7, 6, 4, 6, 5, 7],[2, 3]
997,10,7,3,[5, 4, 4, 4, 4, 4, 5],[2, 6, 6]
998,10,8,2,[4, 5, 6, 6, 6, 6, 5, 5],[3, 3]
1000,10,8,2,[5, 6, 6, 6, 6, 6, 5, 5],[7, 4]
1001,10,8,2,[6, 3, 5, 3, 5, 5, 6, 3],[1, 7]
1002,10,6,4,[5, 5, 4, 5, 4, 3],[1, 1, 6, 6]
1003,10,8,2,[6, 4, 5, 6, 6, 4, 6, 4],[7, 1]
1004,10,8,2,[3, 5, 3, 5, 5, 5, 3, 3],[1, 7]
1005,10,7,3,[6, 4, 4, 6, 5, 5, 3],[7, 2, 1]
1006,10,7,3,[5, 5, 6, 6, 6, 6, 6],[2, 7, 1]
1007,10,5,5,[4, 3, 4, 3, 3],[2, 5, 2, 5, 5]
1008,10,8,2,[3, 3, 5, 5, 5, 3, 3, 4],[2, 6]
1009,10,8,2,[6, 6, 4, 6, 6, 6, 4, 6],[2, 3]
1010,10,7,3,[6, 6, 4, 6, 6, 6, 6],[7, 3, 3]
1011,10,4,6,[4, 4, 4, 5],[3, 6, 6, 3, 6, 3]
1012,10,6,4,[3, 3, 5, 5, 5, 3],[9, 1, 1, 7]
1013,10,5,5,[3, 6, 5, 5, 5],[2, 7, 2, 7, 1]
1014,10,6,4,[4, 6, 6, 6, 4, 6],[3, 3, 7, 7]
1015,10,9,1,[6, 6, 7, 6, 6, 6, 4, 6, 6],[1]
1016,10,5,5,[4, 4, 5, 4, 4],[6, 2, 6, 6, 3]
1017,10,8,2,[6, 6, 3, 6, 6, 4, 5, 6],[1, 2]
1018,10,6,4,[3, 2, 5, 2, 3, 3],[1, 6, 1, 9]
1019,10,7,3,[4, 4, 5, 4, 5, 5, 5],[6, 6, 3]
1020,10,6,4,[4, 5, 3, 4, 5, 5],[2, 1, 6, 6]
1021,10,5,5,[4, 4, 5, 4, 4],[3, 6, 6, 6, 6]
1022,10,4,6,[6, 6, 5, 4],[3, 3, 3, 3, 8, 7]
1023,10,6,4,[3, 3, 2, 2, 5, 2],[6, 6, 1, 8]
1024,10,6,4,[4, 4, 4, 5, 4, 3],[6, 2, 2, 7]
1025,10,8,2,[4, 3, 3, 6, 6, 6, 6, 4],[7, 1]
1026,10,7,3,[7, 7, 7, 6, 6, 5, 6],[3, 2, 2]
1027,10,8,2,[4, 3, 5, 5, 4, 5, 5, 5],[1, 7]
1028,10,6,4,[5, 5, 5, 4, 5, 5],[3, 9, 2, 7]
1029,10,4,6,[5, 5, 4, 4],[6, 3, 3, 7, 3, 6]
1030,10,7,3,[6, 7, 6, 5, 7, 7, 8],[3, 9, 9]
1031,10,6,4,[5, 4, 4, 5, 4, 5],[6, 1, 6, 2]
1033,10,7,3,[5, 5, 3, 5, 4, 5, 5],[1, 1, 6]
1034,10,7,3,[5, 5, 5, 5, 5, 5, 3],[2, 2, 1]
1035,10,4,6,[4, 4, 5, 4],[6, 2, 6, 1, 1, 6]
1036,10,9,1,[6, 4, 6, 5, 5, 6, 5, 4, 6],[1]
1037,10,8,2,[4, 6, 5, 6, 4, 3, 6, 4],[1, 7]
1038,10,6,4,[6, 5, 6, 6, 6, 4],[1, 7, 3, 7]
1039,10,8,2,[5, 5, 5, 5, 3, 3, 3, 5],[1, 6]
1040,10,5,5,[3, 4, 5, 4, 3],[7, 2, 2, 6, 6]
1041,10,7,3,[4, 3, 4, 5, 2, 2, 3],[1, 7, 6]
1042,10,8,2,[5, 6, 5, 6, 6, 6, 6, 4],[3, 3]
1043,10,5,5,[4, 3, 4, 3, 4],[2, 2, 1, 5, 5]
1044,10,6,4,[5, 5, 5, 3, 4, 3],[7, 2, 2, 6]
1045,10,8,2,[6, 6, 6, 6, 4, 3, 5, 6],[2, 1]
1046,10,4,6,[5, 5, 4, 5],[2, 6, 6, 3, 3, 6]
1047,10,7,3,[3, 4, 4, 4, 5, 5, 3],[1, 7, 1]
1048,10,6,4,[5, 6, 6, 6, 6, 6],[4, 4, 7, 4]
1049,10,6,4,[3, 5, 2, 3, 5, 3],[1, 6, 6, 1]
1050,10,4,6,[5, 4, 5, 5],[3, 6, 3, 6, 6, 3]
1051,10,6,4,[4, 3, 4, 4, 5, 3],[1, 7, 6, 2]
1052,10,6,4,[6, 6, 6, 6, 4, 3],[2, 7, 7, 1]
1053,10,5,5,[6, 7, 5, 6, 6],[2, 8, 8, 2, 8]
1054,10,6,4,[5, 6, 4, 6, 6, 4],[3, 3, 2, 7]
1055,10,8,2,[6, 5, 5, 5, 5, 5, 6, 5],[8, 3]
1057,10,5,5,[3, 4, 4, 4, 3],[1, 6, 7, 1, 6]
1058,10,6,4,[6, 5, 6, 6, 5, 6],[4, 7, 4, 7]
1059,10,6,4,[3, 6, 3, 6, 4, 4],[7, 7, 7, 1]
1060,10,6,4,[5, 4, 5, 3, 6, 5],[2, 8, 1, 9]
1061,10,7,3,[5, 6, 4, 5, 6, 6, 5],[1, 7, 7]
1062,10,6,4,[6, 5, 5, 6, 6, 5],[3, 7, 3, 7]
1064,10,6,4,[5, 5, 4, 4, 5, 5],[3, 6, 3, 3]
1065,10,8,2,[3, 4, 4, 3, 3, 6, 3, 6],[7, 9]
1066,10,5,5,[5, 4, 5, 5, 5],[3, 6, 3, 6, 3]
1067,10,6,4,[7, 7, 7, 8, 6, 7],[4, 4, 9, 9]
1068,10,6,4,[6, 6, 3, 3, 6, 5],[7, 1, 2, 2]
1069,10,8,2,[5, 6, 6, 7, 7, 7, 7, 6],[2, 1]
1070,10,6,4,[5, 5, 6, 5, 5, 5],[7, 2, 3, 7]
1071,10,6,4,[6, 5, 6, 6, 6, 5],[3, 7, 3, 7]
1072,10,7,3,[5, 4, 3, 3, 3, 5, 5],[6, 1, 6]
1073,10,7,3,[5, 4, 5, 5, 4, 4, 5],[1, 2, 1]
1074,10,9,1,[6, 6, 7, 6, 7, 7, 7, 7, 6],[9]
1075,10,8,2,[7, 7, 6, 8, 7, 8, 6, 6],[5, 9]
1076,10,5,5,[5, 4, 5, 5, 3],[7, 1, 2, 7, 7]
1078,10,5,5,[4, 5, 5, 5, 4],[1, 7, 1, 1, 6]
1079,10,6,4,[5, 4, 4, 5, 4, 5],[2, 6, 6, 1]
1080,10,5,5,[6, 6, 6, 6, 5],[3, 7, 2, 3, 7]
1081,10,5,5,[3, 5, 5, 5, 3],[2, 6, 7, 2, 1]
1082,10,6,4,[6, 3, 4, 3, 5, 3],[8, 7, 7, 2]
1083,10,5,5,[4, 3, 2, 3, 5],[6, 6, 1, 1, 6]
1084,10,7,3,[6, 5, 3, 5, 3, 5, 6],[2, 9, 1]
1085,10,6,4,[5, 4, 5, 3, 3, 5],[6, 2, 2, 6]
1086,10,8,2,[5, 3, 5, 3, 3, 3, 3, 2],[1, 7]
1087,10,6,4,[5, 5, 5, 4, 5, 5],[2, 3, 3, 6]
1088,10,5,5,[4, 2, 2, 4, 2],[1, 1, 5, 5, 5]
1089,10,5,5,[3, 4, 3, 3, 4],[6, 6, 2, 7, 2]
1090,10,6,4,[3, 3, 5, 4, 4, 3],[6, 2, 6, 6]
1091,10,8,2,[8, 8, 7, 8, 7, 6, 8, 6],[9, 3]
1094,10,4,6,[3, 3, 3, 4],[6, 6, 6, 2, 6, 1]
1095,10,7,3,[5, 7, 6, 6, 7, 7, 4],[8, 1, 3]
1097,10,7,3,[4, 3, 5, 5, 4, 3, 3],[7, 2, 1]
1098,10,6,4,[3, 5, 5, 5, 5, 3],[1, 2, 7, 7]
1099,10,5,5,[6, 4, 5, 7, 6],[3, 8, 8, 3, 8]
1100,10,6,4,[3, 6, 3, 5, 4, 5],[1, 9, 7, 2]
1101,10,6,4,[7, 6, 5, 6, 7, 6],[4, 9, 4, 3]
1102,10,7,3,[3, 4, 5, 5, 5, 3, 5],[1, 1, 8]
1103,10,7,3,[6, 6, 6, 5, 6, 7, 5],[9, 4, 4]
1104,10,6,4,[4, 5, 6, 6, 3, 3],[7, 7, 2, 2]
1105,10,7,3,[6, 6, 5, 5, 6, 6, 6],[7, 1, 1]
1106,10,6,4,[3, 5, 3, 5, 5, 5],[1, 6, 6, 2]
1108,10,7,3,[5, 6, 5, 6, 4, 6, 5],[3, 3, 7]
1109,10,6,4,[4, 3, 4, 5, 4, 2],[1, 6, 6, 1]
1110,10,7,3,[5, 5, 5, 5, 6, 6, 6],[3, 7, 8]
1111,10,5,5,[5, 7, 7, 6, 7],[2, 8, 1, 8, 1]
1112,10,7,3,[5, 3, 3, 4, 5, 3, 4],[2, 6, 6]
1113,10,6,4,[5, 5, 5, 5, 3, 5],[6, 2, 6, 2]
1114,10,7,3,[5, 3, 3, 3, 4, 5, 5],[6, 6, 1]
1115,10,6,4,[5, 4, 4, 4, 5, 5],[6, 6, 6, 3]
1116,10,3,7,[4, 4, 5],[6, 6, 3, 2, 3, 6, 6]
1118,10,9,1,[7, 7, 7, 7, 7, 5, 4, 7, 7],[1]
1119,10,6,4,[6, 6, 3, 4, 6, 3],[2, 8, 2, 7]
1120,10,6,4,[6, 4, 6, 4, 5, 6],[7, 3, 3, 2]
1121,10,4,6,[4, 5, 4, 4],[3, 6, 3, 6, 6, 3]
1122,10,6,4,[7, 5, 6, 4, 6, 6],[8, 1, 8, 1]
1123,10,5,5,[3, 2, 4, 2, 3],[1, 5, 1, 1, 5]
1124,10,6,4,[3, 4, 5, 5, 3, 5],[1, 2, 2, 6]
1125,10,6,4,[4, 5, 6, 5, 6, 6],[7, 7, 3, 3]
1126,10,8,2,[3, 5, 2, 3, 2, 5, 2, 2],[7, 6]
1127,10,7,3,[4, 3, 5, 5, 3, 5, 3],[2, 1, 8]
1129,10,9,1,[6, 3, 6, 3, 5, 4, 3, 4, 4],[9]
1130,10,8,2,[7, 6, 7, 6, 6, 5, 6, 6],[9, 2]
1131,10,8,2,[6, 4, 6, 6, 6, 6, 5, 6],[2, 3]
1132,10,5,5,[3, 4, 3, 3, 3],[2, 1, 6, 5, 5]
1133,10,6,4,[4, 4, 6, 3, 3, 5],[2, 1, 7, 7]
1134,10,8,2,[4, 3, 6, 5, 6, 3, 2, 2],[1, 9]
1135,10,6,4,[3, 3, 3, 4, 3, 4],[5, 5, 5, 2]
1137,10,6,4,[4, 4, 3, 3, 3, 3],[6, 2, 5, 5]
1138,10,8,2,[5, 4, 3, 6, 5, 6, 3, 6],[7, 1]
1139,10,7,3,[3, 4, 3, 3, 3, 4, 4],[5, 5, 1]
1140,10,7,3,[5, 6, 3, 5, 5, 3, 3],[8, 7, 1]
1141,10,7,3,[4, 4, 5, 5, 3, 4, 3],[2, 7, 7]
1142,10,4,6,[5, 5, 5, 5],[3, 3, 3, 6, 3, 6]
1143,10,5,5,[5, 5, 5, 4, 5],[7, 3, 7, 3, 2]
1144,10,6,4,[6, 4, 6, 4, 6, 5],[8, 3, 7, 3]
1145,10,8,2,[2, 5, 5, 2, 5, 3, 2, 5],[1, 6]
1146,10,7,3,[4, 3, 5, 6, 3, 5, 6],[2, 2, 8]
1147,10,8,2,[2, 5, 5, 5, 2, 3, 5, 5],[1, 1]
1148,10,7,3,[3, 3, 3, 4, 4, 3, 3],[5, 5, 1]
1149,10,7,3,[5, 3, 3, 5, 3, 3, 5],[6, 1, 6]
1150,10,6,4,[6, 5, 5, 5, 5, 6],[7, 1, 7, 3]
1151,10,9,1,[6, 4, 6, 6, 4, 4, 5, 6, 3],[1]
1152,10,6,4,[6, 5, 5, 6, 6, 6],[2, 2, 7, 1]
1153,10,8,2,[4, 6, 5, 6, 5, 6, 5, 6],[3, 2]
1154,10,7,3,[3, 5, 5, 4, 3, 5, 4],[6, 1, 6]
1155,10,6,4,[4, 3, 4, 3, 3, 5],[1, 6, 6, 6]
1157,10,7,3,[5, 5, 5, 5, 4, 5, 5],[6, 2, 2]
1159,10,7,3,[5, 7, 7, 4, 5, 5, 7],[3, 1, 8]
1160,10,7,3,[3, 5, 2, 5, 4, 3, 5],[1, 7, 1]
1161,10,6,4,[6, 6, 7, 6, 7, 5],[3, 1, 8, 3]
1162,10,8,2,[7, 7, 7, 6, 6, 5, 5, 6],[2, 3]
1163,10,6,4,[5, 5, 3, 5, 3, 5],[6, 1, 1, 6]
1164,10,7,3,[5, 4, 3, 4, 5, 4, 5],[7, 6, 1]
1166,10,8,2,[4, 5, 5, 4, 5, 3, 5, 4],[6, 1]
1167,10,6,4,[5, 6, 4, 5, 5, 5],[7, 7, 7, 2]
1168,10,6,4,[5, 3, 4, 3, 6, 3],[1, 1, 7, 7]
1169,10,6,4,[6, 6, 4, 6, 4, 7],[3, 2, 8, 9]
1170,10,4,6,[3, 5, 4, 3],[6, 6, 6, 2, 1, 6]
1171,10,7,3,[4, 3, 3, 5, 5, 4, 3],[1, 6, 7]
1172,10,6,4,[4, 5, 5, 4, 5, 5],[2, 7, 9, 3]
1173,10,7,3,[5, 6, 6, 3, 6, 5, 5],[1, 7, 1]
1174,10,6,4,[6, 7, 6, 5, 6, 4],[2, 1, 2, 9]
1175,10,7,3,[3, 3, 3, 3, 3, 3, 3],[1, 5, 1]
1176,10,6,4,[4, 6, 4, 7, 7, 5],[9, 9, 2, 9]
1177,10,6,4,[6, 3, 6, 6, 4, 6],[7, 7, 2, 1]
1178,10,6,4,[6, 5, 5, 4, 4, 6],[1, 7, 1, 2]
1179,10,9,1,[8, 8, 7, 7, 7, 6, 8, 8, 5],[2]
1180,10,6,4,[7, 4, 6, 4, 7, 7],[9, 3, 3, 3]
1181,10,6,4,[4, 2, 3, 5, 5, 4],[6, 6, 1, 1]
1182,10,7,3,[5, 3, 6, 5, 4, 5, 6],[7, 1, 2]
1183,10,5,5,[4, 4, 6, 4, 4],[7, 7, 2, 8, 3]
1184,10,8,2,[5, 4, 4, 4, 5, 5, 6, 4],[9, 3]
1185,10,6,4,[5, 6, 3, 3, 3, 5],[9, 1, 7, 2]
1186,10,6,4,[6, 4, 6, 7, 5, 4],[9, 1, 3, 8]
1187,10,5,5,[5, 4, 5, 6, 5],[3, 3, 7, 3, 9]
1188,10,6,4,[4, 3, 6, 3, 5, 5],[7, 2, 7, 2]
1189,10,8,2,[6, 6, 9, 8, 8, 8, 8, 9],[4, 1]
1190,10,7,3,[3, 7, 5, 7, 6, 7, 7],[9, 1, 2]
1191,10,7,3,[3, 5, 3, 5, 6, 4, 4],[1, 7, 7]
1192,10,8,2,[6, 7, 7, 5, 7, 7, 4, 6],[8, 1]
1193,10,7,3,[3, 5, 5, 5, 4, 3, 5],[2, 1, 6]
1194,10,4,6,[5, 4, 5, 5],[6, 3, 3, 6, 6, 3]
1195,10,7,3,[2, 4, 3, 4, 5, 6, 5],[1, 8, 1]
1196,10,7,3,[2, 1, 5, 2, 1, 1, 1],[6, 7, 6]
1197,10,6,4,[4, 2, 2, 5, 3, 3],[6, 9, 1, 1]
1198,10,6,4,[6, 6, 5, 5, 4, 5],[7, 3, 2, 3]
1199,10,6,4,[3, 3, 4, 3, 4, 4],[5, 1, 6, 1]
1200,10,8,2,[2, 4, 2, 3, 3, 2, 2, 3],[5, 5]
1201,10,7,3,[6, 4, 6, 6, 6, 4, 6],[3, 2, 3]
1202,10,5,5,[4, 4, 3, 4, 3],[2, 5, 5, 1, 2]
1203,10,7,3,[5, 5, 6, 5, 5, 6, 6],[3, 7, 2]
1204,10,7,3,[5, 7, 5, 6, 6, 6, 6],[3, 3, 8]
1205,10,6,4,[6, 6, 7, 6, 7, 7],[2, 2, 8, 3]
1206,10,8,2,[5, 5, 4, 6, 6, 6, 5, 6],[2, 7]
1207,10,6,4,[7, 6, 5, 6, 7, 5],[9, 8, 4, 4]
1208,10,7,3,[6, 5, 6, 7, 5, 5, 4],[9, 3, 3]
1209,10,6,4,[7, 6, 6, 5, 4, 6],[3, 9, 3, 2]
1210,10,6,4,[2, 5, 3, 5, 5, 3],[1, 1, 6, 1]
1211,10,7,3,[6, 5, 6, 5, 6, 7, 6],[4, 4, 9]
1212,10,6,4,[2, 2, 3, 6, 5, 6],[9, 1, 7, 1]
1213,10,5,5,[5, 5, 5, 4, 5],[6, 2, 6, 3, 3]
1214,10,6,4,[5, 6, 6, 5, 5, 5],[7, 3, 8, 3]
1215,10,6,4,[6, 5, 5, 6, 5, 4],[7, 3, 3, 3]
1216,10,9,1,[7, 6, 5, 5, 6, 7, 7, 6, 7],[4]
1217,10,6,4,[6, 4, 4, 6, 5, 5],[2, 7, 3, 7]
1218,10,3,7,[3, 2, 4],[6, 1, 6, 1, 1, 7, 6]
1219,10,6,4,[6, 5, 6, 6, 4, 6],[2, 3, 9, 3]
1220,10,7,3,[3, 4, 5, 3, 3, 5, 5],[6, 7, 2]
1221,10,6,4,[5, 4, 4, 3, 3, 4],[1, 6, 2, 6]
1222,10,6,4,[5, 5, 5, 5, 3, 3],[1, 2, 6, 2]
1223,10,7,3,[6, 6, 6, 6, 6, 3, 6],[1, 1, 2]
1224,10,5,5,[4, 3, 5, 4, 3],[6, 6, 2, 6, 2]
1225,10,7,3,[4, 5, 4, 5, 5, 6, 5],[7, 3, 7]
1226,10,6,4,[5, 5, 5, 4, 5, 4],[3, 3, 2, 6]
1227,10,7,3,[5, 6, 6, 5, 5, 5, 7],[3, 1, 9]
1228,10,7,3,[4, 3, 3, 5, 4, 4, 5],[2, 6, 6]
1229,10,6,4,[5, 5, 5, 2, 3, 3],[7, 1, 6, 1]
1230,10,7,3,[4, 4, 4, 5, 4, 3, 5],[6, 1, 6]
1231,10,8,2,[6, 5, 6, 5, 5, 6, 4, 6],[1, 3]
1232,10,8,2,[5, 4, 3, 5, 5, 4, 5, 5],[7, 1]
1233,10,7,3,[6, 5, 4, 6, 6, 6, 6],[7, 1, 1]
1234,10,6,4,[4, 5, 6, 6, 4, 6],[7, 7, 3, 3]
1235,10,7,3,[6, 3, 5, 3, 6, 6, 5],[7, 1, 1]
1236,10,6,4,[3, 2, 4, 4, 3, 2],[1, 7, 6, 7]
1237,10,6,4,[3, 3, 3, 4, 4, 4],[2, 5, 5, 1]
1238,10,7,3,[5, 5, 4, 6, 4, 4, 6],[3, 7, 7]
1239,10,8,2,[7, 5, 7, 7, 7, 5, 6, 6],[1, 1]
1240,10,6,4,[5, 5, 4, 5, 4, 5],[2, 6, 3, 6]
1241,10,8,2,[6, 3, 3, 6, 5, 6, 5, 3],[8, 1]
1242,10,7,3,[3, 6, 3, 6, 6, 6, 6],[1, 8, 1]
1243,10,5,5,[4, 5, 5, 5, 4],[3, 6, 6, 6, 2]
1244,10,6,4,[6, 7, 4, 4, 7, 6],[3, 3, 9, 3]
1245,10,8,2,[5, 7, 6, 5, 5, 7, 6, 7],[1, 1]
1246,10,5,5,[3, 3, 3, 3, 3],[2, 6, 6, 6, 2]
1247,10,6,4,[5, 6, 5, 6, 6, 4],[3, 3, 3, 7]
1248,10,6,4,[2, 5, 4, 3, 5, 4],[7, 1, 1, 6]
1249,10,7,3,[5, 5, 4, 5, 5, 3, 4],[1, 2, 6]
1250,10,5,5,[5, 5, 4, 5, 5],[3, 3, 7, 3, 6]
1252,10,8,2,[5, 3, 5, 4, 3, 3, 5, 5],[2, 7]
1253,10,8,2,[6, 6, 5, 6, 4, 4, 4, 4],[3, 7]
1254,10,6,4,[5, 5, 4, 3, 3, 3],[6, 7, 2, 6]
1255,10,4,6,[4, 5, 5, 5],[3, 3, 3, 3, 7, 6]
1256,10,8,2,[5, 6, 5, 6, 5, 5, 5, 5],[7, 3]
1257,10,8,2,[4, 4, 5, 5, 4, 5, 3, 3],[7, 1]
1258,10,6,4,[5, 5, 2, 3, 5, 4],[9, 1, 8, 1]
1259,10,6,4,[5, 6, 5, 6, 5, 5],[3, 2, 7, 3]
1260,10,8,2,[3, 6, 6, 4, 3, 7, 5, 6],[9, 1]
1261,10,6,4,[5, 5, 4, 5, 4, 5],[3, 3, 3, 6]
1262,10,6,4,[5, 3, 5, 3, 3, 2],[6, 6, 1, 1]
1264,10,6,4,[3, 6, 4, 5, 4, 3],[7, 9, 1, 1]
1265,10,7,3,[5, 5, 6, 5, 6, 4, 6],[2, 7, 7]
1266,10,7,3,[4, 4, 6, 5, 6, 4, 5],[7, 7, 3]
1267,10,5,5,[4, 5, 5, 5, 5],[7, 3, 6, 3, 3]
1268,10,8,2,[3, 4, 5, 5, 3, 3, 5, 5],[7, 2]
1269,10,6,4,[6, 6, 5, 4, 5, 5],[3, 3, 7, 8]
1270,10,6,4,[5, 4, 3, 3, 4, 3],[6, 6, 1, 1]
1271,10,7,3,[6, 5, 5, 6, 6, 5, 4],[3, 7, 3]
1272,10,8,2,[5, 6, 3, 7, 6, 5, 3, 5],[1, 9]
1273,10,7,3,[4, 3, 3, 3, 6, 6, 6],[7, 7, 2]
1274,10,6,4,[5, 5, 3, 4, 4, 2],[7, 1, 6, 1]
1275,10,8,2,[4, 5, 6, 6, 6, 5, 6, 6],[3, 3]
1276,10,6,4,[7, 6, 7, 6, 7, 6],[2, 8, 2, 3]
1277,10,5,5,[3, 3, 3, 3, 2],[1, 6, 6, 1, 6]
1278,10,6,4,[6, 6, 4, 6, 6, 6],[9, 2, 2, 2]
1279,10,7,3,[4, 5, 3, 5, 5, 4, 3],[6, 2, 1]
1280,10,8,2,[3, 6, 4, 4, 6, 3, 5, 5],[2, 9]
1281,10,8,2,[4, 3, 4, 3, 4, 3, 5, 5],[6, 1]
1282,10,7,3,[6, 8, 8, 6, 7, 8, 8],[3, 1, 3]
1283,10,8,2,[3, 3, 5, 6, 6, 6, 4, 6],[8, 1]
1284,10,6,4,[5, 5, 5, 3, 5, 3],[7, 6, 1, 2]
1285,10,7,3,[5, 6, 6, 3, 3, 5, 5],[1, 7, 7]
1286,10,8,2,[5, 5, 4, 5, 6, 4, 5, 6],[1, 7]
1287,10,8,2,[6, 3, 4, 3, 3, 5, 3, 6],[1, 9]
1288,10,6,4,[5, 3, 5, 5, 5, 5],[1, 6, 6, 2]
1289,10,6,4,[6, 6, 5, 6, 6, 4],[7, 1, 7, 3]
1290,10,7,3,[5, 6, 6, 6, 6, 5, 6],[3, 3, 3]
1291,10,7,3,[5, 6, 5, 6, 5, 6, 6],[3, 7, 2]
1292,10,5,5,[5, 5, 4, 4, 4],[6, 3, 3, 6, 3]
1293,10,4,6,[4, 4, 4, 5],[6, 6, 6, 3, 6, 2]
1294,10,8,2,[5, 4, 6, 3, 4, 4, 5, 6],[7, 1]
1295,10,6,4,[3, 5, 3, 4, 5, 5],[6, 6, 6, 1]
1296,10,8,2,[2, 3, 3, 4, 5, 5, 3, 2],[7, 1]
1297,10,6,4,[3, 5, 3, 5, 3, 3],[6, 2, 7, 6]
1298,10,7,3,[5, 4, 4, 4, 4, 4, 5],[6, 3, 3]
1299,10,5,5,[5, 5, 5, 5, 5],[6, 3, 4, 6, 6]
1300,10,7,3,[3, 3, 6, 5, 5, 3, 5],[1, 8, 1]
1301,10,5,5,[6, 6, 5, 5, 5],[9, 8, 3, 2, 3]
1302,10,7,3,[6, 8, 5, 6, 7, 8, 5],[1, 9, 3]
1303,10,4,6,[2, 4, 3, 3],[1, 5, 1, 5, 5, 1]
1304,10,7,3,[6, 6, 5, 6, 6, 6, 6],[3, 3, 3]
1305,10,6,4,[6, 7, 7, 6, 8, 7],[9, 9, 5, 5]
1306,10,8,2,[7, 6, 5, 6, 6, 7, 6, 5],[3, 9]
1307,10,6,4,[6, 5, 5, 6, 6, 5],[4, 4, 4, 7]
1308,10,6,4,[4, 4, 4, 4, 3, 5],[1, 6, 6, 6]
1309,10,7,3,[4, 6, 2, 6, 3, 5, 6],[1, 1, 8]
1310,10,7,3,[6, 3, 6, 5, 6, 6, 3],[1, 9, 2]
1311,10,6,4,[3, 3, 4, 4, 4, 3],[1, 6, 1, 5]
1312,10,6,4,[5, 5, 5, 4, 4, 5],[6, 7, 2, 3]
1313,10,8,2,[5, 5, 7, 7, 4, 6, 6, 4],[9, 2]
1314,10,6,4,[5, 4, 5, 5, 5, 5],[6, 3, 2, 6]
1315,10,7,3,[4, 2, 2, 3, 2, 5, 5],[6, 7, 1]
1316,10,7,3,[3, 3, 5, 6, 3, 5, 4],[1, 1, 9]
1317,10,9,1,[5, 5, 6, 4, 6, 4, 6, 6, 5],[1]
1318,10,6,4,[2, 3, 5, 2, 5, 5],[1, 1, 6, 6]
1319,10,4,6,[4, 5, 5, 5],[6, 6, 6, 3, 3, 2]
1320,10,9,1,[7, 9, 9, 9, 7, 7, 7, 7, 7],[1]
1321,10,7,3,[6, 5, 5, 3, 4, 6, 6],[1, 1, 7]
1322,10,6,4,[6, 6, 5, 5, 6, 6],[7, 4, 7, 4]
1323,10,6,4,[4, 3, 5, 5, 5, 3],[6, 1, 6, 6]
1324,10,5,5,[5, 6, 3, 6, 4],[9, 1, 8, 2, 2]
1325,10,5,5,[6, 6, 5, 5, 6],[7, 4, 4, 7, 4]
1326,10,7,3,[7, 5, 7, 3, 7, 7, 7],[1, 9, 1]
1327,10,7,3,[5, 4, 3, 5, 3, 5, 3],[1, 2, 6]
1328,10,3,7,[4, 5, 6],[7, 7, 3, 3, 7, 7, 3]
1329,10,7,3,[5, 5, 4, 3, 4, 5, 5],[7, 2, 1]
1330,10,6,4,[4, 5, 5, 3, 3, 5],[1, 2, 6, 6]
1331,10,6,4,[3, 3, 4, 4, 3, 3],[6, 2, 2, 5]
1332,10,8,2,[7, 4, 6, 6, 7, 7, 7, 5],[1, 8]
1333,10,6,4,[5, 7, 6, 7, 7, 7],[4, 4, 9, 4]
1334,10,8,2,[3, 3, 6, 6, 6, 3, 6, 5],[8, 2]
1335,10,8,2,[5, 6, 7, 6, 6, 4, 6, 6],[1, 9]
1336,10,7,3,[3, 5, 6, 3, 3, 4, 4],[7, 7, 2]
1337,10,7,3,[3, 5, 2, 3, 2, 5, 2],[1, 6, 6]
1338,10,7,3,[6, 5, 4, 4, 5, 4, 3],[7, 9, 2]
1339,10,9,1,[5, 4, 5, 4, 6, 4, 5, 5, 6],[9]
1340,10,8,2,[6, 5, 6, 3, 6, 4, 4, 6],[2, 1]
1341,10,8,2,[5, 5, 5, 6, 6, 5, 4, 4],[7, 3]
1342,10,7,3,[3, 5, 5, 3, 4, 5, 2],[1, 6, 1]
1343,10,7,3,[6, 6, 5, 6, 5, 6, 6],[4, 3, 4]
1345,10,6,4,[6, 4, 6, 5, 5, 5],[3, 7, 3, 7]
1346,10,7,3,[5, 5, 6, 4, 5, 6, 6],[3, 9, 3]
1347,10,7,3,[4, 6, 8, 7, 7, 7, 7],[9, 3, 1]
1348,10,5,5,[4, 5, 3, 3, 4],[6, 6, 2, 1, 6]
1349,10,7,3,[5, 6, 6, 6, 4, 6, 5],[1, 3, 7]
1350,10,7,3,[6, 6, 5, 7, 3, 5, 7],[8, 1, 2]
1351,10,8,2,[5, 7, 6, 7, 7, 5, 5, 7],[1, 8]
1352,10,6,4,[6, 2, 2, 5, 6, 6],[1, 1, 7, 8]
1353,10,6,4,[5, 3, 6, 3, 4, 6],[1, 7, 2, 8]
1355,10,4,6,[6, 6, 6, 6],[7, 4, 4, 4, 7, 7]
1356,10,8,2,[7, 6, 5, 6, 6, 7, 3, 7],[1, 2]
1357,10,7,3,[4, 3, 5, 5, 4, 2, 2],[8, 1, 7]
1358,10,5,5,[3, 2, 4, 3, 4],[1, 5, 5, 5, 1]
1359,10,6,4,[5, 5, 5, 3, 6, 6],[2, 2, 7, 2]
1360,10,6,4,[3, 5, 5, 5, 6, 5],[8, 8, 1, 1]
1361,10,8,2,[3, 3, 3, 5, 4, 5, 3, 3],[7, 9]
1362,10,6,4,[3, 5, 3, 5, 5, 3],[2, 6, 1, 6]
1363,10,8,2,[2, 2, 1, 1, 3, 1, 1, 4],[5, 5]
1364,10,7,3,[4, 4, 4, 3, 6, 5, 6],[8, 1, 2]
1365,10,7,3,[6, 6, 6, 6, 6, 5, 6],[4, 7, 2]
1366,10,6,4,[3, 2, 3, 3, 3, 3],[5, 1, 5, 6]
1367,10,7,3,[6, 6, 6, 5, 4, 4, 5],[2, 3, 7]
1368,10,8,2,[3, 3, 3, 5, 5, 2, 4, 3],[8, 1]
1369,10,7,3,[3, 5, 4, 5, 3, 5, 2],[1, 1, 7]
1370,10,5,5,[5, 5, 5, 6, 6],[7, 7, 4, 3, 7]
1371,10,7,3,[4, 5, 6, 6, 4, 6, 5],[7, 2, 2]
1372,10,6,4,[5, 7, 5, 7, 7, 4],[8, 3, 8, 1]
1373,10,6,4,[7, 3, 6, 4, 6, 3],[8, 2, 9, 1]
1374,10,6,4,[4, 4, 5, 5, 5, 3],[6, 1, 7, 2]
1375,10,6,4,[3, 5, 4, 3, 3, 5],[7, 1, 1, 7]
1376,10,8,2,[3, 5, 3, 5, 3, 6, 5, 6],[7, 2]
1377,10,7,3,[5, 7, 6, 5, 7, 6, 5],[8, 1, 8]
1378,10,9,1,[6, 6, 7, 7, 7, 5, 6, 4, 5],[2]
1379,10,6,4,[3, 3, 5, 3, 3, 3],[9, 1, 6, 1]
1380,10,7,3,[4, 5, 3, 4, 3, 3, 5],[2, 1, 6]
1381,10,6,4,[7, 7, 7, 7, 7, 6],[5, 5, 5, 5]
1382,10,8,2,[7, 6, 7, 6, 6, 7, 6, 6],[3, 1]
1383,10,9,1,[5, 3, 3, 5, 3, 4, 3, 3, 5],[6]
1384,10,7,3,[4, 6, 4, 6, 5, 5, 4],[3, 7, 7]
1385,10,6,4,[4, 4, 4, 2, 2, 2],[1, 5, 1, 5]
1386,10,6,4,[5, 6, 7, 4, 6, 6],[8, 2, 1, 8]
1387,10,5,5,[5, 5, 5, 5, 5],[6, 6, 3, 2, 3]
1388,10,2,8,[4, 4],[3, 6, 6, 6, 3, 3, 6, 3]
1389,10,5,5,[4, 4, 5, 5, 4],[6, 3, 3, 6, 6]
1390,10,7,3,[4, 3, 2, 3, 2, 5, 3],[6, 1, 6]
1391,10,6,4,[5, 5, 5, 3, 3, 6],[1, 7, 7, 7]
1392,10,5,5,[3, 3, 3, 3, 4],[1, 6, 5, 2, 5]
1394,10,5,5,[4, 5, 3, 5, 3],[1, 6, 2, 6, 6]
1395,10,5,5,[5, 3, 5, 5, 6],[1, 7, 7, 2, 1]
1396,10,4,6,[2, 2, 4, 3],[1, 1, 5, 5, 5, 5]
1397,10,7,3,[3, 4, 5, 3, 6, 6, 3],[2, 7, 9]
1398,10,8,2,[5, 6, 6, 6, 3, 6, 6, 3],[1, 1]
1399,10,6,4,[5, 4, 5, 6, 6, 6],[2, 3, 3, 8]
1400,10,4,6,[3, 3, 3, 4],[5, 5, 1, 2, 5, 5]
1401,10,6,4,[6, 6, 6, 4, 4, 5],[3, 7, 1, 8]
1402,10,6,4,[4, 3, 5, 7, 5, 7],[8, 8, 2, 1]
1403,10,6,4,[5, 5, 5, 6, 5, 5],[7, 3, 8, 7]
1404,10,8,2,[5, 6, 7, 5, 4, 6, 6, 7],[2, 8]
1405,10,6,4,[6, 5, 6, 5, 5, 5],[8, 3, 3, 2]
1406,10,6,4,[6, 6, 7, 6, 4, 5],[2, 9, 2, 1]
1407,10,7,3,[6, 6, 4, 6, 6, 6, 5],[3, 3, 2]
1408,10,7,3,[6, 6, 5, 5, 6, 5, 4],[1, 2, 7]
1409,10,4,6,[4, 3, 5, 4],[6, 6, 1, 6, 1, 1]
1410,10,7,3,[5, 5, 6, 6, 5, 4, 4],[7, 3, 8]
1411,10,7,3,[5, 3, 3, 3, 3, 5, 4],[7, 6, 2]
1412,10,8,2,[3, 4, 6, 5, 5, 6, 5, 4],[1, 7]
1413,10,6,4,[6, 6, 5, 6, 5, 5],[4, 7, 4, 7]
1414,10,7,3,[6, 4, 6, 5, 7, 6, 5],[9, 3, 3]
1415,10,7,3,[6, 6, 6, 5, 6, 7, 5],[9, 8, 4]
1416,10,7,3,[5, 3, 7, 6, 5, 6, 6],[9, 1, 1]
1417,10,6,4,[6, 7, 6, 7, 6, 4],[8, 3, 2, 3]
1419,10,7,3,[5, 4, 4, 4, 5, 2, 3],[1, 7, 1]
1420,10,6,4,[4, 5, 4, 5, 5, 5],[3, 3, 6, 2]
1421,10,6,4,[4, 5, 4, 5, 5, 4],[7, 6, 3, 2]
1422,10,7,3,[5, 3, 5, 6, 5, 3, 6],[2, 1, 8]
1423,10,4,6,[3, 6, 7, 8],[9, 1, 2, 2, 9, 9]
1425,10,5,5,[3, 3, 4, 5, 3],[2, 6, 7, 6, 1]
1426,10,7,3,[6, 6, 7, 6, 4, 4, 7],[1, 9, 3]
1427,10,5,5,[3, 3, 5, 4, 5],[7, 7, 2, 2, 2]
1428,10,8,2,[5, 6, 7, 6, 4, 4, 5, 7],[9, 3]
1429,10,6,4,[6, 5, 5, 5, 5, 6],[7, 7, 7, 4]
1431,10,6,4,[3, 4, 4, 4, 3, 4],[7, 7, 2, 8]
1432,10,7,3,[6, 6, 6, 6, 3, 4, 5],[9, 2, 1]
1433,10,9,1,[6, 5, 7, 4, 7, 6, 7, 5, 6],[2]
1434,10,6,4,[5, 4, 5, 6, 6, 6],[7, 7, 1, 3]
1435,10,6,4,[4, 4, 4, 5, 7, 4],[9, 1, 2, 9]
1436,10,6,4,[6, 4, 7, 6, 6, 6],[3, 9, 1, 8]
1437,10,8,2,[5, 5, 6, 5, 5, 6, 5, 5],[7, 2]
1438,10,7,3,[4, 5, 3, 5, 3, 4, 4],[1, 6, 2]
1439,10,8,2,[6, 6, 7, 7, 6, 6, 7, 6],[8, 5]
1440,10,7,3,[6, 3, 4, 2, 7, 7, 5],[1, 9, 1]
1441,10,5,5,[5, 6, 4, 6, 5],[7, 3, 7, 3, 3]
1442,10,6,4,[4, 4, 4, 5, 6, 6],[3, 2, 7, 9]
1444,10,8,2,[4, 6, 5, 6, 4, 4, 4, 5],[3, 9]
1445,10,7,3,[6, 4, 4, 6, 4, 5, 4],[3, 3, 9]
1446,10,6,4,[7, 6, 7, 6, 6, 7],[3, 1, 9, 9]
1447,10,4,6,[5, 5, 5, 5],[3, 3, 3, 6, 6, 6]
1448,10,6,4,[6, 5, 6, 6, 5, 6],[1, 7, 2, 1]
1449,10,5,5,[3, 5, 4, 4, 3],[7, 1, 1, 1, 8]
1450,10,6,4,[5, 6, 5, 5, 5, 5],[7, 7, 7, 2]
1451,10,7,3,[4, 5, 2, 5, 3, 2, 3],[1, 1, 8]
1452,10,8,2,[6, 6, 7, 9, 8, 9, 9, 9],[4, 3]
1454,10,7,3,[6, 5, 5, 6, 6, 6, 6],[2, 7, 1]
1455,10,9,1,[8, 8, 5, 6, 5, 7, 8, 7, 8],[1]
1456,10,6,4,[6, 6, 3, 3, 5, 6],[7, 7, 2, 1]
1458,10,7,3,[5, 7, 4, 6, 6, 4, 5],[8, 1, 9]
1459,10,8,2,[5, 5, 4, 5, 4, 4, 5, 4],[1, 6]
1460,10,8,2,[5, 7, 6, 7, 7, 7, 6, 5],[1, 8]
1461,10,5,5,[4, 5, 4, 5, 5],[3, 7, 7, 2, 7]
1462,10,7,3,[7, 8, 4, 7, 8, 6, 5],[2, 3, 9]
1463,10,6,4,[4, 6, 6, 5, 5, 6],[3, 7, 1, 7]
1464,10,5,5,[5, 3, 3, 3, 3],[1, 6, 6, 6, 6]
1465,10,5,5,[5, 5, 4, 4, 4],[2, 9, 7, 2, 2]
1466,10,4,6,[3, 3, 3, 4],[5, 1, 1, 5, 5, 1]
1467,10,7,3,[3, 4, 3, 5, 5, 4, 5],[7, 8, 2]
1468,10,5,5,[6, 5, 6, 7, 7],[4, 4, 9, 3, 8]
1469,10,7,3,[5, 7, 7, 6, 6, 6, 7],[8, 3, 3]
1470,10,9,1,[5, 6, 5, 6, 5, 6, 5, 5, 5],[2]
1471,10,7,3,[4, 5, 7, 7, 6, 4, 5],[1, 8, 8]
1473,10,6,4,[5, 4, 2, 3, 5, 5],[1, 6, 1, 1]
1476,10,7,3,[7, 5, 5, 5, 5, 6, 5],[2, 3, 9]
1477,10,9,1,[9, 6, 8, 7, 6, 7, 8, 9, 9],[2]
1478,10,6,4,[6, 6, 5, 6, 6, 6],[1, 8, 8, 8]
1479,10,8,2,[6, 7, 6, 7, 6, 6, 7, 5],[9, 1]
1480,10,7,3,[2, 5, 3, 2, 3, 2, 4],[1, 6, 7]
1481,10,6,4,[7, 7, 7, 6, 6, 5],[8, 3, 4, 4]
1482,10,7,3,[6, 5, 4, 6, 6, 5, 5],[3, 3, 7]
1483,10,7,3,[6, 4, 5, 5, 6, 7, 5],[9, 3, 3]
1484,10,6,4,[5, 3, 5, 6, 6, 5],[7, 2, 1, 7]
1485,10,8,2,[5, 4, 3, 6, 5, 4, 5, 6],[7, 1]
1486,10,6,4,[3, 3, 4, 5, 6, 2],[7, 1, 1, 7]
1487,10,7,3,[6, 5, 4, 6, 4, 6, 5],[3, 3, 8]
1488,10,8,2,[4, 6, 5, 6, 6, 4, 6, 5],[2, 2]
1489,10,5,5,[4, 4, 3, 4, 4],[6, 6, 2, 6, 2]
1490,10,8,2,[4, 6, 6, 5, 3, 6, 3, 5],[7, 1]
1491,10,3,7,[4, 4, 4],[3, 6, 6, 3, 6, 3, 6]
1492,10,7,3,[3, 5, 4, 4, 3, 5, 5],[1, 6, 6]
1494,10,7,3,[5, 3, 3, 5, 6, 3, 5],[2, 7, 7]
1495,10,8,2,[2, 4, 5, 2, 2, 2, 3, 5],[1, 8]
1496,10,6,4,[4, 3, 3, 3, 3, 3],[5, 2, 6, 5]
1497,10,4,6,[6, 3, 6, 3],[7, 7, 1, 2, 2, 7]
1498,10,6,4,[3, 4, 3, 6, 5, 6],[2, 9, 7, 2]
1499,10,6,4,[6, 2, 5, 2, 2, 3],[1, 7, 8, 8]
1500,10,7,3,[3, 5, 6, 6, 6, 6, 3],[7, 2, 2]
1501,10,6,4,[5, 4, 5, 3, 5, 5],[7, 1, 2, 7]
1502,10,5,5,[4, 5, 5, 5, 4],[2, 1, 7, 7, 1]
1503,10,6,4,[7, 6, 5, 7, 6, 6],[9, 3, 2, 2]
1504,10,6,4,[5, 3, 5, 5, 3, 5],[7, 7, 1, 1]
1505,10,8,2,[5, 5, 5, 4, 5, 5, 6, 5],[7, 3]
1506,10,4,6,[3, 3, 3, 3],[6, 1, 2, 6, 7, 6]
1507,10,9,1,[5, 6, 5, 5, 5, 6, 5, 6, 6],[3]
1508,10,6,4,[5, 5, 3, 4, 3, 5],[7, 1, 2, 7]
1509,10,7,3,[6, 5, 7, 6, 6, 7, 6],[8, 1, 1]
1510,10,6,4,[3, 3, 5, 6, 5, 6],[7, 2, 2, 8]
1511,10,7,3,[5, 5, 3, 3, 3, 4, 3],[6, 2, 7]
1512,10,8,2,[6, 7, 7, 5, 7, 6, 7, 7],[4, 4]
1513,10,7,3,[7, 6, 5, 7, 7, 4, 6],[3, 3, 8]
1515,10,6,4,[3, 3, 4, 5, 2, 5],[1, 1, 6, 8]
1516,10,6,4,[5, 6, 6, 5, 5, 3],[2, 1, 1, 7]
1517,10,7,3,[6, 4, 6, 5, 6, 5, 4],[3, 2, 7]
1518,10,7,3,[3, 3, 4, 5, 4, 5, 2],[1, 1, 6]
1519,10,7,3,[5, 5, 4, 6, 6, 6, 6],[3, 7, 2]
1520,10,8,2,[5, 5, 5, 5, 5, 5, 5, 5],[4, 8]
1521,10,3,7,[6, 6, 6],[3, 7, 3, 3, 7, 3, 7]
1522,10,5,5,[4, 5, 4, 4, 4],[3, 3, 7, 6, 3]
1523,10,7,3,[4, 4, 4, 4, 5, 4, 5],[8, 3, 3]
1524,10,7,3,[5, 3, 2, 5, 5, 2, 5],[1, 6, 1]
1525,10,6,4,[5, 6, 3, 3, 6, 5],[7, 2, 1, 7]
1526,10,5,5,[5, 5, 2, 4, 2],[6, 6, 6, 1, 1]
1527,10,8,2,[5, 4, 7, 3, 7, 4, 5, 4],[1, 9]
1528,10,4,6,[5, 5, 4, 4],[3, 8, 7, 3, 7, 3]
1529,10,7,3,[6, 3, 5, 6, 3, 5, 3],[8, 2, 7]
1530,10,6,4,[7, 6, 4, 6, 6, 6],[9, 1, 3, 8]
1531,10,5,5,[5, 6, 5, 5, 4],[2, 3, 7, 3, 7]
1532,10,7,3,[5, 3, 5, 5, 5, 3, 3],[1, 6, 6]
1533,10,7,3,[3, 3, 3, 2, 5, 4, 5],[1, 1, 9]
1534,10,7,3,[2, 3, 4, 4, 3, 2, 3],[6, 5, 1]
1535,10,4,6,[3, 4, 4, 3],[2, 5, 6, 2, 2, 5]
1536,10,7,3,[5, 4, 2, 2, 2, 3, 6],[9, 1, 7]
1537,10,8,2,[3, 3, 4, 6, 5, 5, 6, 4],[7, 2]
1538,10,6,4,[3, 3, 2, 2, 4, 3],[5, 1, 1, 6]
1539,10,7,3,[5, 6, 6, 5, 4, 5, 5],[3, 3, 7]
1540,10,8,2,[4, 5, 4, 5, 5, 6, 5, 5],[7, 2]
1541,10,5,5,[6, 4, 6, 4, 4],[7, 8, 2, 2, 1]
1542,10,7,3,[5, 5, 5, 4, 6, 6, 6],[2, 7, 7]
1543,10,7,3,[7, 5, 6, 7, 5, 5, 5],[4, 4, 9]
1544,10,8,2,[3, 5, 5, 4, 4, 5, 5, 5],[7, 1]
1545,10,4,6,[5, 5, 4, 5],[6, 3, 3, 6, 6, 2]
1546,10,7,3,[2, 5, 4, 5, 2, 2, 2],[1, 6, 6]
1547,10,5,5,[2, 2, 3, 3, 3],[5, 5, 5, 1, 5]
1548,10,6,4,[6, 6, 3, 6, 5, 4],[2, 1, 9, 2]
1549,10,6,4,[5, 3, 5, 3, 3, 5],[6, 2, 6, 2]
1550,10,7,3,[3, 5, 2, 4, 5, 4, 4],[6, 1, 1]
1551,10,6,4,[6, 6, 5, 5, 6, 6],[7, 3, 2, 2]
1552,10,7,3,[6, 5, 5, 5, 4, 4, 5],[9, 2, 1]
1553,10,7,3,[6, 5, 4, 5, 3, 5, 6],[1, 2, 7]
1554,10,7,3,[5, 4, 3, 5, 5, 6, 6],[2, 7, 2]
1555,10,6,4,[3, 5, 5, 3, 5, 5],[6, 1, 6, 1]
1556,10,5,5,[2, 3, 3, 4, 4],[5, 5, 5, 1, 1]
1557,10,7,3,[3, 3, 3, 3, 3, 5, 4],[1, 7, 6]
1558,10,6,4,[5, 4, 5, 3, 3, 2],[6, 1, 7, 1]
1559,10,5,5,[5, 3, 5, 6, 5],[1, 1, 7, 7, 1]
1560,10,8,2,[3, 5, 4, 5, 4, 4, 5, 4],[6, 1]
1561,10,4,6,[5, 5, 3, 3],[6, 6, 1, 1, 1, 1]
1562,10,5,5,[3, 5, 3, 5, 3],[6, 6, 6, 1, 2]
1563,10,7,3,[6, 5, 7, 6, 5, 7, 5],[9, 3, 4]
1564,10,8,2,[5, 5, 6, 5, 5, 4, 4, 6],[7, 1]
1565,10,7,3,[5, 5, 3, 3, 3, 4, 5],[1, 7, 7]
1567,10,7,3,[6, 7, 5, 4, 4, 7, 6],[3, 1, 9]
1568,10,7,3,[3, 5, 5, 4, 4, 3, 3],[2, 2, 7]
1569,10,6,4,[5, 5, 5, 4, 5, 4],[3, 3, 2, 6]
1570,10,8,2,[7, 5, 6, 5, 7, 6, 5, 6],[3, 9]
1571,10,3,7,[5, 5, 4],[3, 6, 3, 6, 6, 6, 3]
1572,10,9,1,[6, 6, 4, 6, 4, 6, 6, 6, 5],[1]
1573,10,7,3,[4, 3, 6, 6, 5, 5, 6],[2, 7, 1]
1574,10,6,4,[4, 4, 4, 5, 3, 5],[2, 2, 6, 7]
1575,10,7,3,[5, 5, 3, 5, 4, 5, 5],[2, 6, 1]
1576,10,6,4,[5, 5, 5, 5, 5, 5],[7, 1, 7, 3]
1578,10,6,4,[5, 3, 5, 3, 4, 5],[6, 6, 1, 6]
1579,10,7,3,[5, 3, 5, 4, 5, 5, 3],[2, 6, 2]
1580,10,6,4,[5, 5, 4, 5, 5, 4],[3, 6, 6, 6]
1581,10,6,4,[3, 5, 3, 3, 3, 5],[6, 1, 2, 6]
1582,10,5,5,[5, 3, 3, 4, 3],[2, 7, 6, 6, 2]
1583,10,4,6,[5, 4, 5, 5],[3, 6, 6, 6, 2, 3]
1584,10,7,3,[4, 2, 3, 3, 4, 3, 2],[5, 1, 6]
1585,10,6,4,[5, 6, 6, 5, 6, 5],[2, 7, 1, 7]
1586,10,7,3,[7, 6, 3, 3, 4, 5, 7],[1, 8, 9]
1587,10,6,4,[4, 4, 4, 5, 4, 6],[7, 3, 7, 2]
1588,10,8,2,[4, 5, 5, 6, 6, 7, 4, 5],[9, 3]
1589,10,5,5,[4, 3, 4, 6, 3],[7, 2, 1, 7, 8]
1590,10,7,3,[3, 3, 2, 4, 3, 2, 3],[1, 6, 6]
1591,10,8,2,[5, 2, 5, 5, 4, 2, 2, 4],[6, 1]
1592,10,8,2,[5, 6, 4, 5, 6, 6, 6, 6],[2, 1]
1593,10,7,3,[6, 4, 6, 6, 5, 6, 5],[7, 7, 2]
1594,10,9,1,[3, 4, 6, 6, 4, 6, 3, 5, 6],[1]
1595,10,7,3,[4, 4, 4, 4, 4, 5, 4],[7, 6, 1]
1596,10,5,5,[5, 4, 4, 5, 5],[3, 6, 3, 7, 3]
1597,10,3,7,[4, 5, 3],[6, 2, 2, 2, 6, 6, 6]
1598,10,5,5,[5, 5, 6, 4, 5],[7, 2, 3, 7, 7]
1599,10,6,4,[5, 3, 3, 5, 5, 3],[7, 6, 1, 2]
1600,10,7,3,[6, 5, 6, 5, 5, 6, 4],[1, 3, 7]
1601,10,6,4,[6, 5, 3, 6, 6, 6],[1, 7, 1, 2]
1602,10,9,1,[6, 7, 7, 7, 7, 7, 6, 7, 7],[2]
1603,10,5,5,[6, 4, 6, 6, 5],[3, 2, 3, 8, 7]
1604,10,9,1,[6, 7, 6, 4, 7, 5, 7, 6, 7],[1]
1605,10,7,3,[5, 5, 6, 6, 6, 6, 6],[2, 2, 3]
1606,10,6,4,[3, 4, 5, 5, 5, 5],[1, 6, 6, 1]
1607,10,7,3,[6, 5, 5, 5, 6, 6, 6],[8, 8, 3]
1608,10,8,2,[6, 6, 7, 7, 6, 7, 5, 6],[3, 3]
1609,10,8,2,[4, 4, 3, 5, 4, 6, 5, 6],[9, 1]
1610,10,8,2,[6, 6, 3, 6, 4, 4, 5, 4],[7, 1]
1611,10,4,6,[4, 4, 4, 5],[3, 7, 3, 6, 6, 3]
1612,10,7,3,[5, 6, 6, 6, 6, 5, 6],[3, 3, 3]
1613,10,6,4,[3, 2, 5, 6, 3, 5],[1, 1, 7, 7]
1614,10,5,5,[4, 3, 3, 4, 5],[1, 6, 7, 6, 1]
1615,10,7,3,[6, 6, 5, 6, 6, 3, 3],[9, 1, 2]
1616,10,8,2,[1, 3, 1, 1, 5, 1, 1, 5],[6, 6]
1617,10,5,5,[5, 5, 5, 5, 3],[7, 2, 2, 2, 6]
1618,10,8,2,[6, 4, 6, 3, 3, 5, 4, 6],[7, 1]
1619,10,6,4,[4, 7, 4, 6, 7, 6],[2, 9, 9, 3]
1620,10,6,4,[4, 5, 6, 4, 5, 5],[2, 7, 7, 1]
1621,10,6,4,[6, 4, 5, 3, 6, 5],[8, 2, 8, 1]
1622,10,8,2,[7, 7, 6, 7, 6, 7, 5, 5],[9, 3]
1623,10,6,4,[6, 5, 3, 3, 4, 4],[7, 1, 2, 7]
1624,10,7,3,[6, 3, 5, 5, 6, 6, 4],[1, 1, 8]
1625,10,8,2,[7, 7, 3, 5, 3, 4, 8, 8],[1, 9]
1626,10,7,3,[6, 6, 5, 4, 4, 5, 5],[3, 3, 8]
1627,10,7,3,[7, 5, 5, 4, 5, 6, 5],[3, 8, 9]
1628,10,7,3,[5, 6, 8, 7, 6, 8, 6],[9, 2, 3]
1629,10,7,3,[3, 4, 3, 3, 4, 5, 6],[1, 7, 7]
1630,10,4,6,[5, 4, 8, 4],[3, 9, 9, 9, 9, 3]
1631,10,6,4,[2, 4, 5, 5, 6, 3],[1, 9, 7, 1]
1632,10,7,3,[4, 4, 3, 5, 3, 5, 4],[6, 1, 6]
1633,10,7,3,[3, 4, 5, 5, 2, 4, 5],[1, 1, 7]
1634,10,4,6,[4, 5, 3, 2],[7, 7, 7, 1, 1, 7]
1635,10,7,3,[6, 4, 3, 4, 6, 5, 6],[7, 1, 1]
1636,10,8,2,[3, 5, 6, 6, 4, 5, 3, 6],[1, 7]
1637,10,8,2,[6, 7, 5, 6, 7, 7, 7, 7],[3, 2]
1638,10,7,3,[6, 6, 6, 3, 4, 6, 6],[7, 2, 1]
1639,10,7,3,[6, 5, 5, 6, 6, 5, 5],[2, 8, 2]
1640,10,5,5,[6, 8, 7, 7, 7],[9, 5, 4, 9, 5]
1641,10,6,4,[4, 3, 3, 4, 3, 3],[6, 5, 5, 2]
1642,10,6,4,[6, 5, 6, 6, 6, 5],[4, 7, 4, 4]
1643,10,6,4,[4, 3, 3, 5, 5, 5],[6, 6, 6, 1]
1644,10,7,3,[6, 3, 5, 3, 6, 6, 3],[7, 7, 1]
1645,10,8,2,[5, 6, 6, 6, 6, 4, 6, 6],[1, 2]
1646,10,7,3,[5, 4, 6, 4, 5, 6, 4],[3, 9, 3]
1647,10,6,4,[5, 3, 5, 3, 2, 4],[6, 1, 6, 1]
1648,10,6,4,[4, 3, 3, 5, 4, 5],[7, 1, 6, 2]
1649,10,6,4,[4, 3, 5, 5, 7, 7],[1, 9, 2, 8]
1650,10,7,3,[6, 6, 5, 6, 6, 4, 6],[3, 8, 2]
1651,10,8,2,[3, 4, 5, 3, 5, 5, 3, 3],[2, 6]
1653,10,6,4,[5, 5, 5, 4, 4, 6],[2, 7, 8, 1]
1654,10,5,5,[3, 6, 5, 3, 6],[1, 7, 1, 7, 7]
1655,10,9,1,[3, 4, 3, 4, 5, 4, 3, 5, 4],[9]
1656,10,6,4,[6, 5, 5, 6, 5, 5],[7, 7, 2, 7]
1657,10,7,3,[4, 3, 4, 2, 3, 5, 2],[7, 1, 7]
1658,10,8,2,[6, 2, 3, 4, 4, 6, 2, 5],[1, 9]
1659,10,6,4,[6, 4, 5, 6, 3, 4],[2, 7, 2, 7]
1660,10,7,3,[6, 5, 3, 2, 6, 6, 4],[1, 1, 9]
1661,10,4,6,[3, 3, 3, 4],[5, 1, 5, 5, 5, 2]
1662,10,7,3,[4, 5, 3, 5, 5, 4, 5],[6, 6, 1]
1663,10,6,4,[7, 6, 7, 7, 5, 6],[9, 2, 3, 3]
1664,10,6,4,[5, 5, 5, 4, 5, 4],[6, 6, 3, 2]
1665,10,5,5,[6, 5, 6, 5, 5],[4, 4, 4, 7, 8]
1666,10,7,3,[4, 3, 5, 3, 5, 5, 3],[1, 6, 6]
1667,10,6,4,[6, 6, 5, 5, 5, 6],[3, 7, 3, 2]
1668,10,6,4,[3, 5, 4, 3, 4, 3],[7, 6, 6, 2]
1669,10,8,2,[5, 4, 5, 5, 4, 3, 6, 5],[9, 1]
1670,10,8,2,[5, 3, 5, 3, 4, 5, 5, 5],[6, 1]
1671,10,7,3,[6, 7, 5, 4, 5, 7, 3],[1, 9, 1]
1672,10,6,4,[5, 4, 4, 5, 5, 6],[3, 2, 7, 7]
1673,10,4,6,[6, 5, 5, 5],[3, 7, 3, 7, 7, 3]
1674,10,8,2,[5, 4, 6, 5, 5, 6, 6, 6],[3, 3]
1675,10,5,5,[5, 2, 3, 3, 3],[6, 1, 7, 1, 6]
1676,10,5,5,[5, 6, 6, 5, 4],[3, 7, 7, 3, 7]
1677,10,5,5,[5, 4, 4, 6, 4],[3, 8, 3, 8, 9]
1678,10,5,5,[5, 5, 5, 5, 5],[6, 6, 6, 4, 3]
1679,10,2,8,[4, 5],[3, 6, 6, 3, 3, 6, 6, 3]
1680,10,7,3,[4, 6, 5, 5, 6, 6, 4],[7, 1, 3]
1681,10,7,3,[7, 6, 5, 7, 6, 4, 7],[8, 2, 3]
1682,10,6,4,[6, 5, 5, 6, 6, 6],[2, 2, 7, 7]
1683,10,7,3,[6, 6, 7, 7, 6, 6, 7],[4, 3, 9]
1684,10,7,3,[6, 5, 6, 7, 6, 7, 5],[4, 9, 4]
1685,10,5,5,[6, 5, 3, 6, 6],[7, 7, 1, 1, 2]
1686,10,8,2,[7, 7, 7, 5, 5, 7, 4, 4],[8, 1]
1687,10,6,4,[5, 5, 5, 5, 4, 3],[7, 2, 1, 7]
1688,10,7,3,[7, 5, 5, 7, 7, 5, 6],[3, 2, 8]
1689,10,8,2,[6, 5, 6, 6, 5, 4, 5, 5],[1, 3]
1690,10,7,3,[6, 4, 5, 6, 4, 6, 3],[2, 2, 7]
1691,10,7,3,[4, 6, 6, 6, 5, 6, 4],[3, 8, 3]
1692,10,6,4,[6, 3, 4, 3, 4, 6],[7, 1, 7, 2]
1693,10,6,4,[5, 5, 5, 4, 3, 4],[6, 2, 6, 2]
1694,10,7,3,[6, 7, 7, 6, 6, 5, 5],[4, 8, 3]
1695,10,5,5,[4, 4, 3, 3, 4],[2, 6, 5, 2, 2]
1696,10,7,3,[3, 4, 5, 4, 3, 5, 3],[6, 2, 1]
1697,10,6,4,[6, 5, 6, 5, 6, 6],[7, 3, 3, 7]
1698,10,9,1,[7, 4, 7, 7, 6, 6, 6, 7, 6],[1]
1699,10,8,2,[4, 6, 6, 3, 5, 4, 3, 6],[7, 1]
1700,10,6,4,[5, 3, 5, 5, 5, 5],[6, 6, 2, 2]
1701,10,7,3,[5, 5, 3, 5, 4, 3, 5],[7, 1, 2]
1702,10,7,3,[3, 3, 5, 3, 4, 5, 5],[1, 6, 2]
1703,10,8,2,[6, 7, 6, 6, 6, 7, 5, 6],[8, 1]
1704,10,7,3,[6, 4, 5, 5, 4, 5, 4],[8, 2, 1]
1705,10,7,3,[5, 3, 3, 3, 5, 3, 4],[6, 6, 1]
1706,10,6,4,[3, 3, 3, 3, 3, 3],[5, 2, 6, 5]
1707,10,6,4,[5, 5, 4, 5, 4, 6],[2, 8, 7, 1]
1708,10,7,3,[5, 8, 7, 7, 7, 8, 8],[3, 9, 1]
1709,10,7,3,[5, 5, 4, 4, 5, 5, 4],[7, 3, 7]
1710,10,7,3,[6, 3, 6, 4, 4, 5, 5],[1, 1, 7]
1711,10,6,4,[4, 3, 2, 4, 3, 4],[1, 1, 6, 6]
1712,10,5,5,[4, 3, 3, 5, 3],[6, 6, 6, 6, 1]
1713,10,7,3,[5, 4, 4, 5, 4, 4, 5],[7, 6, 2]
1714,10,3,7,[4, 5, 4],[6, 6, 3, 3, 3, 6, 6]
1715,10,7,3,[5, 6, 4, 6, 5, 6, 5],[7, 3, 3]
1716,10,9,1,[7, 5, 5, 6, 7, 6, 5, 7, 7],[1]
1717,10,7,3,[4, 5, 6, 4, 5, 6, 5],[1, 7, 2]
1718,10,6,4,[5, 3, 3, 5, 3, 5],[7, 2, 9, 2]
1719,10,6,4,[5, 5, 5, 6, 5, 5],[3, 7, 7, 7]
1720,10,6,4,[6, 6, 6, 6, 6, 4],[3, 3, 3, 3]
1721,10,7,3,[5, 4, 6, 6, 5, 6, 4],[7, 1, 7]
1722,10,5,5,[5, 4, 5, 4, 5],[6, 6, 3, 3, 3]
1723,10,7,3,[7, 6, 7, 5, 6, 7, 6],[8, 3, 3]
1724,10,6,4,[7, 6, 7, 7, 6, 7],[1, 3, 3, 8]
1725,10,8,2,[7, 7, 7, 7, 6, 7, 7, 5],[1, 3]
1726,10,7,3,[7, 5, 7, 5, 7, 6, 7],[3, 2, 2]
1727,10,5,5,[3, 4, 3, 4, 5],[2, 6, 6, 6, 1]
1728,10,9,1,[6, 6, 4, 3, 6, 5, 6, 5, 3],[1]
1729,10,4,6,[3, 3, 3, 3],[5, 5, 1, 5, 5, 2]
1730,10,8,2,[4, 6, 5, 4, 5, 6, 5, 5],[7, 3]
1731,10,7,3,[7, 3, 6, 7, 5, 6, 5],[1, 8, 2]
1732,10,6,4,[2, 2, 5, 5, 2, 3],[6, 6, 7, 1]
1733,10,6,4,[5, 3, 5, 4, 3, 3],[6, 1, 6, 6]
1734,10,5,5,[5, 3, 4, 4, 3],[6, 6, 1, 2, 6]
1735,10,8,2,[7, 7, 6, 7, 7, 7, 6, 5],[1, 8]
1736,10,5,5,[7, 6, 7, 7, 6],[3, 3, 9, 1, 9]
1737,10,6,4,[6, 5, 6, 6, 4, 5],[3, 7, 2, 3]
1738,10,8,2,[4, 6, 5, 4, 3, 5, 6, 7],[1, 9]
1739,10,6,4,[3, 2, 3, 3, 2, 4],[6, 7, 6, 1]
1740,10,6,4,[8, 7, 7, 7, 7, 8],[6, 6, 9, 6]
1741,10,9,1,[5, 5, 4, 3, 4, 5, 3, 5, 3],[1]
1742,10,5,5,[5, 4, 4, 5, 5],[6, 3, 3, 6, 6]
1743,10,5,5,[6, 4, 6, 6, 6],[2, 3, 7, 7, 3]
1744,10,8,2,[6, 4, 6, 6, 6, 6, 6, 6],[1, 1]
1745,10,7,3,[6, 6, 6, 7, 4, 6, 3],[8, 1, 1]
1746,10,6,4,[5, 5, 5, 4, 4, 3],[2, 1, 2, 6]
1747,10,3,7,[4, 4, 5],[2, 6, 6, 6, 3, 3, 6]
1748,10,6,4,[5, 4, 3, 5, 2, 3],[1, 1, 6, 6]
1749,10,6,4,[5, 6, 6, 6, 6, 6],[3, 3, 3, 2]
1750,10,4,6,[4, 4, 4, 4],[2, 5, 5, 1, 2, 5]
1751,10,5,5,[6, 4, 5, 6, 6],[3, 3, 7, 3, 7]
1752,10,6,4,[6, 4, 6, 5, 4, 6],[8, 7, 3, 1]
1753,10,5,5,[4, 3, 3, 5, 4],[8, 7, 7, 2, 2]
1754,10,7,3,[6, 5, 7, 4, 7, 4, 6],[1, 8, 3]
1755,10,8,2,[7, 5, 6, 7, 7, 6, 5, 5],[4, 9]
1756,10,7,3,[6, 6, 6, 6, 7, 6, 7],[8, 5, 8]
1757,10,7,3,[6, 8, 4, 7, 7, 4, 6],[1, 9, 9]
1758,10,8,2,[5, 4, 4, 5, 5, 6, 3, 5],[1, 7]
1759,10,5,5,[5, 6, 7, 6, 7],[3, 8, 8, 4, 8]
1760,10,7,3,[6, 6, 6, 6, 6, 6, 6],[3, 7, 7]
1761,10,7,3,[5, 5, 5, 4, 4, 5, 5],[2, 6, 2]
1762,10,7,3,[5, 5, 4, 5, 5, 4, 4],[7, 6, 3]
1764,10,5,5,[5, 4, 6, 6, 4],[7, 7, 7, 2, 2]
1765,10,8,2,[5, 3, 3, 4, 4, 5, 3, 3],[7, 6]
1766,10,6,4,[5, 3, 5, 3, 5, 5],[1, 2, 6, 7]
1767,10,8,2,[3, 6, 6, 3, 6, 3, 3, 6],[1, 7]
1768,10,8,2,[5, 4, 3, 6, 4, 5, 5, 5],[7, 1]
1769,10,7,3,[3, 5, 3, 5, 5, 5, 5],[6, 6, 1]
1770,10,4,6,[5, 6, 6, 6],[7, 4, 3, 7, 7, 4]
1771,10,9,1,[5, 3, 5, 5, 5, 5, 3, 3, 3],[1]
1772,10,9,1,[5, 3, 5, 3, 5, 3, 3, 5, 5],[1]
1773,10,6,4,[5, 5, 4, 5, 4, 5],[6, 3, 2, 3]
1774,10,7,3,[2, 3, 5, 3, 5, 5, 2],[6, 1, 1]
1775,10,6,4,[5, 3, 4, 3, 4, 3],[1, 6, 6, 6]
1776,10,7,3,[6, 7, 4, 6, 3, 7, 6],[9, 2, 1]
1777,10,5,5,[5, 4, 4, 4, 4],[6, 6, 6, 3, 6]
1778,10,5,5,[5, 6, 3, 5, 3],[7, 7, 7, 1, 1]
1779,10,4,6,[4, 5, 5, 5],[3, 3, 7, 3, 3, 6]
1780,10,6,4,[5, 4, 5, 5, 6, 6],[3, 3, 7, 3]
1781,10,7,3,[5, 6, 5, 5, 4, 4, 6],[3, 2, 8]
1782,10,6,4,[3, 5, 3, 3, 6, 4],[1, 2, 7, 7]
1783,10,6,4,[5, 4, 5, 5, 3, 3],[1, 6, 6, 2]
1784,10,7,3,[3, 4, 5, 5, 5, 4, 3],[2, 2, 7]
1785,10,8,2,[5, 7, 6, 7, 6, 7, 7, 5],[2, 1]
1787,10,5,5,[5, 4, 4, 5, 5],[6, 2, 3, 6, 3]
1788,10,3,7,[5, 4, 4],[3, 6, 6, 3, 3, 3, 6]
1789,10,5,5,[5, 4, 5, 5, 4],[3, 6, 6, 3, 2]
1790,10,8,2,[5, 5, 3, 3, 5, 5, 2, 5],[1, 1]
1791,10,5,5,[5, 7, 8, 6, 8],[9, 2, 3, 9, 2]
1792,10,8,2,[7, 5, 5, 5, 7, 6, 4, 7],[2, 8]
1793,10,8,2,[5, 6, 4, 6, 5, 6, 6, 6],[2, 7]
1794,10,8,2,[7, 7, 5, 7, 6, 4, 7, 5],[2, 3]
1795,10,9,1,[6, 6, 7, 6, 7, 7, 6, 6, 5],[3]
1796,10,7,3,[6, 5, 4, 6, 6, 6, 5],[2, 3, 3]
1797,10,8,2,[6, 6, 3, 3, 5, 6, 5, 3],[9, 2]
1798,10,7,3,[4, 5, 6, 7, 6, 5, 6],[1, 2, 8]
1799,10,6,4,[6, 5, 3, 6, 4, 5],[9, 2, 8, 2]
1800,10,6,4,[6, 4, 4, 5, 6, 5],[2, 7, 1, 7]
1801,10,6,4,[6, 4, 6, 6, 4, 5],[7, 3, 2, 7]
1802,10,5,5,[5, 5, 5, 4, 5],[6, 3, 6, 6, 2]
1803,10,7,3,[6, 3, 6, 6, 5, 3, 5],[9, 1, 1]
1804,10,6,4,[5, 4, 4, 4, 5, 3],[6, 2, 2, 7]
1805,10,7,3,[6, 5, 4, 5, 4, 4, 6],[9, 3, 3]
1806,10,6,4,[7, 5, 5, 6, 7, 4],[3, 3, 9, 8]
1807,10,6,4,[6, 3, 6, 5, 5, 6],[7, 2, 1, 2]
1808,10,7,3,[6, 5, 5, 5, 6, 5, 3],[7, 1, 2]
1809,10,7,3,[5, 3, 5, 4, 4, 3, 4],[1, 6, 6]
1810,10,5,5,[5, 4, 5, 5, 5],[6, 3, 2, 3, 6]
1811,10,7,3,[5, 6, 6, 4, 6, 5, 5],[7, 1, 3]
1812,10,6,4,[5, 5, 6, 6, 5, 4],[7, 7, 3, 3]
1813,10,6,4,[4, 5, 4, 6, 5, 6],[1, 2, 1, 8]
1814,10,6,4,[5, 5, 4, 5, 5, 4],[6, 3, 3, 3]
1815,10,7,3,[7, 4, 5, 6, 6, 7, 5],[9, 3, 1]
1816,10,6,4,[6, 7, 6, 7, 6, 7],[4, 3, 9, 4]
1817,10,7,3,[5, 5, 5, 5, 4, 4, 5],[2, 3, 8]
1818,10,6,4,[4, 6, 6, 6, 5, 5],[3, 3, 7, 2]
1819,10,6,4,[4, 5, 6, 7, 4, 5],[2, 8, 9, 1]
1820,10,6,4,[5, 5, 4, 4, 5, 4],[6, 3, 2, 6]
1821,10,7,3,[5, 7, 7, 4, 5, 6, 6],[9, 3, 3]
1822,10,7,3,[3, 3, 3, 5, 5, 5, 5],[1, 1, 6]
1823,10,8,2,[6, 6, 6, 5, 5, 6, 5, 6],[3, 1]
1824,10,6,4,[3, 3, 4, 3, 3, 2],[6, 1, 7, 7]
1825,10,7,3,[5, 6, 6, 5, 5, 6, 6],[2, 7, 2]
1826,10,6,4,[4, 5, 4, 5, 5, 4],[6, 3, 6, 3]
1827,10,6,4,[3, 5, 5, 3, 5, 5],[2, 6, 7, 2]
1828,10,6,4,[5, 5, 3, 3, 3, 3],[2, 6, 6, 6]
1829,10,5,5,[3, 3, 3, 3, 4],[5, 5, 2, 5, 5]
1830,10,5,5,[3, 5, 4, 4, 3],[6, 2, 1, 6, 6]
1831,10,7,3,[6, 4, 4, 5, 5, 6, 4],[7, 1, 2]
1832,10,7,3,[4, 3, 5, 5, 2, 4, 4],[1, 1, 6]
1834,10,7,3,[5, 5, 6, 6, 6, 5, 5],[1, 7, 3]
1835,10,5,5,[3, 4, 3, 3, 3],[5, 5, 2, 5, 5]
1836,10,7,3,[5, 3, 5, 4, 7, 7, 6],[2, 2, 9]
1837,10,7,3,[4, 5, 5, 5, 4, 5, 5],[6, 6, 3]
1838,10,5,5,[5, 5, 5, 4, 5],[6, 2, 2, 1, 6]
1839,10,6,4,[4, 3, 5, 4, 5, 5],[7, 2, 1, 7]
1840,10,6,4,[3, 4, 3, 5, 2, 2],[6, 1, 6, 7]
1841,10,7,3,[5, 5, 5, 4, 5, 6, 4],[7, 7, 3]
1842,10,6,4,[3, 3, 3, 2, 3, 5],[1, 8, 1, 7]
1843,10,7,3,[4, 7, 4, 4, 4, 7, 4],[1, 9, 9]
1844,10,7,3,[5, 5, 5, 6, 7, 6, 4],[8, 9, 2]
1845,10,7,3,[6, 7, 5, 7, 7, 4, 5],[1, 9, 3]
1846,10,8,2,[7, 5, 5, 4, 5, 4, 6, 7],[3, 9]
1847,10,8,2,[5, 4, 6, 6, 4, 5, 7, 7],[3, 8]
1848,10,7,3,[6, 8, 4, 7, 7, 7, 6],[3, 1, 9]
1849,10,6,4,[7, 7, 6, 7, 7, 7],[8, 5, 3, 8]
1850,10,7,3,[6, 6, 6, 6, 7, 7, 7],[5, 4, 8]
1851,10,7,3,[3, 3, 4, 5, 4, 5, 3],[1, 9, 1]
1852,10,7,3,[6, 7, 7, 7, 7, 7, 7],[9, 5, 9]
1853,10,6,4,[6, 6, 7, 5, 7, 7],[3, 3, 3, 9]
1854,10,7,3,[7, 6, 7, 5, 7, 7, 6],[3, 1, 3]
1855,10,5,5,[4, 6, 5, 4, 6],[1, 7, 7, 7, 1]
1856,10,6,4,[3, 5, 5, 3, 5, 5],[2, 2, 2, 6]
1858,10,7,3,[6, 7, 6, 7, 5, 5, 6],[3, 3, 9]
1859,10,8,2,[4, 4, 6, 3, 5, 3, 5, 6],[2, 7]
1860,10,6,4,[5, 5, 6, 5, 6, 5],[3, 3, 2, 7]
1861,10,6,4,[3, 3, 5, 5, 3, 5],[1, 6, 2, 6]
1862,10,6,4,[5, 5, 5, 6, 4, 5],[3, 9, 9, 8]
1863,10,6,4,[5, 6, 5, 6, 6, 6],[2, 7, 3, 3]
1864,10,6,4,[5, 4, 5, 5, 4, 5],[6, 3, 2, 7]
1865,10,5,5,[6, 6, 4, 5, 3],[7, 7, 7, 2, 2]
1866,10,7,3,[6, 5, 6, 5, 6, 5, 6],[4, 4, 7]
1867,10,4,6,[5, 4, 4, 5],[6, 2, 2, 1, 6, 6]
1868,10,7,3,[4, 5, 5, 6, 6, 6, 4],[2, 7, 3]
1869,10,6,4,[2, 5, 5, 6, 6, 6],[1, 7, 1, 1]
1870,10,7,3,[6, 6, 6, 5, 5, 6, 6],[3, 4, 4]
1871,10,8,2,[7, 8, 7, 7, 8, 7, 7, 8],[9, 2]
1872,10,5,5,[6, 6, 6, 6, 6],[7, 5, 5, 7, 7]
1873,10,7,3,[7, 5, 5, 6, 5, 6, 6],[1, 8, 2]
1874,10,4,6,[5, 4, 5, 5],[6, 6, 3, 2, 3, 6]
1875,10,5,5,[5, 3, 3, 5, 4],[6, 2, 6, 2, 7]
1876,10,7,3,[6, 5, 6, 5, 6, 6, 6],[4, 4, 8]
1878,10,6,4,[3, 4, 4, 5, 4, 5],[1, 7, 6, 1]
1879,10,8,2,[5, 3, 6, 4, 4, 6, 3, 3],[8, 1]
1880,10,7,3,[5, 2, 6, 4, 5, 3, 6],[1, 7, 1]
1881,10,7,3,[5, 7, 6, 7, 5, 7, 6],[4, 3, 8]
1882,10,5,5,[5, 4, 6, 6, 6],[3, 7, 7, 7, 3]
1883,10,9,1,[7, 7, 6, 7, 6, 7, 6, 6, 7],[3]
1884,10,8,2,[5, 3, 4, 5, 5, 5, 5, 3],[1, 1]
1885,10,7,3,[5, 3, 6, 5, 5, 4, 6],[2, 1, 7]
1886,10,8,2,[5, 5, 5, 6, 6, 6, 4, 6],[2, 3]
1887,10,7,3,[6, 6, 4, 6, 6, 5, 4],[3, 7, 3]
1888,10,6,4,[5, 4, 5, 4, 5, 4],[9, 2, 2, 7]
1889,10,5,5,[6, 7, 6, 7, 7],[8, 5, 4, 5, 8]
1890,10,8,2,[3, 3, 3, 5, 5, 5, 5, 5],[1, 1]
1891,10,6,4,[6, 5, 4, 5, 4, 6],[3, 3, 7, 7]
1892,10,5,5,[6, 5, 5, 6, 6],[4, 3, 7, 7, 7]
1893,10,4,6,[6, 5, 6, 6],[2, 7, 7, 7, 3, 3]
1894,10,8,2,[5, 3, 3, 6, 6, 6, 3, 4],[2, 9]
1895,10,8,2,[7, 7, 6, 6, 7, 5, 7, 7],[3, 4]
1896,10,6,4,[6, 5, 5, 6, 5, 5],[7, 7, 3, 7]
1897,10,8,2,[7, 7, 7, 5, 7, 7, 5, 6],[3, 3]
1899,10,8,2,[8, 8, 6, 7, 7, 7, 6, 7],[4, 9]
1900,10,6,4,[7, 7, 8, 8, 7, 6],[9, 5, 4, 9]
1901,10,8,2,[7, 7, 5, 7, 6, 3, 7, 6],[1, 2]
1902,10,8,2,[7, 6, 6, 7, 6, 6, 7, 6],[9, 1]
1903,10,7,3,[7, 7, 7, 7, 8, 6, 7],[4, 5, 9]
1904,10,5,5,[4, 5, 5, 5, 5],[1, 7, 7, 7, 3]
1905,10,7,3,[7, 6, 7, 6, 7, 6, 7],[9, 4, 9]
1906,10,7,3,[6, 7, 6, 7, 6, 4, 5],[2, 2, 9]
1908,10,5,5,[4, 5, 6, 3, 5],[7, 7, 2, 1, 7]
1909,10,6,4,[5, 7, 8, 6, 6, 4],[1, 9, 9, 9]
1910,10,7,3,[3, 5, 7, 6, 6, 3, 7],[1, 2, 9]
1911,10,6,4,[5, 4, 3, 6, 6, 5],[7, 7, 1, 1]
1912,10,7,3,[3, 5, 3, 6, 5, 3, 3],[2, 7, 7]
1913,10,7,3,[6, 5, 5, 6, 5, 5, 6],[4, 4, 7]
1914,10,3,7,[4, 3, 2],[1, 5, 1, 1, 5, 5, 5]
1915,10,8,2,[6, 6, 4, 6, 5, 6, 4, 5],[2, 3]
1916,10,7,3,[5, 3, 4, 5, 5, 4, 3],[7, 6, 2]
1917,10,6,4,[3, 3, 2, 4, 4, 3],[1, 5, 1, 5]
1918,10,6,4,[5, 4, 6, 5, 6, 5],[3, 3, 7, 3]
1919,10,4,6,[3, 3, 3, 3],[5, 2, 2, 5, 5, 5]
1921,10,5,5,[4, 3, 5, 2, 3],[6, 1, 9, 1, 1]
1922,10,7,3,[6, 6, 6, 6, 5, 6, 4],[2, 3, 3]
1923,10,7,3,[5, 3, 3, 4, 5, 3, 3],[6, 2, 7]
1924,10,8,2,[5, 3, 4, 5, 5, 5, 3, 3],[1, 6]
1925,10,6,4,[2, 3, 3, 3, 4, 2],[5, 5, 5, 1]
1926,10,6,4,[5, 5, 5, 6, 6, 3],[2, 1, 7, 1]
1927,10,8,2,[4, 3, 3, 6, 5, 6, 6, 3],[7, 2]
1928,10,6,4,[6, 7, 7, 7, 7, 6],[9, 8, 5, 4]
1929,10,7,3,[6, 7, 5, 5, 7, 6, 7],[9, 9, 3]
1930,10,6,4,[6, 6, 6, 5, 7, 6],[8, 3, 8, 8]
1931,10,9,1,[6, 4, 5, 7, 6, 6, 6, 7, 7],[1]
1932,10,8,2,[6, 7, 6, 7, 6, 5, 7, 4],[1, 8]
1933,10,7,3,[5, 5, 3, 5, 3, 5, 5],[1, 2, 6]
1934,10,6,4,[3, 5, 5, 3, 5, 6],[1, 7, 9, 2]
1935,10,7,3,[5, 5, 3, 3, 5, 4, 5],[2, 7, 1]
1936,10,7,3,[2, 3, 3, 2, 3, 3, 3],[6, 5, 1]
1937,10,5,5,[5, 2, 2, 5, 5],[1, 6, 1, 6, 6]
1938,10,7,3,[3, 3, 3, 3, 4, 5, 3],[6, 6, 6]
1939,10,6,4,[3, 2, 2, 2, 3, 3],[1, 6, 5, 5]
1940,10,8,2,[6, 5, 4, 6, 6, 6, 6, 6],[2, 3]
1941,10,7,3,[6, 5, 5, 5, 6, 6, 5],[1, 1, 2]
1942,10,4,6,[3, 2, 3, 3],[1, 5, 5, 1, 1, 5]
1943,10,5,5,[5, 5, 2, 5, 2],[6, 1, 7, 1, 1]
1944,10,5,5,[3, 4, 3, 3, 3],[5, 5, 1, 5, 1]
1945,10,8,2,[6, 4, 5, 6, 6, 5, 6, 5],[1, 9]
1946,10,8,2,[1, 2, 4, 1, 3, 1, 1, 2],[5, 6]
1947,10,5,5,[5, 6, 5, 4, 5],[7, 3, 8, 2, 3]
1949,10,7,3,[5, 3, 4, 3, 5, 3, 5],[6, 6, 1]
1950,10,7,3,[5, 5, 7, 8, 8, 7, 6],[3, 3, 9]
1951,10,7,3,[6, 6, 6, 6, 6, 6, 6],[7, 5, 5]
1953,10,8,2,[6, 5, 5, 6, 5, 7, 6, 4],[8, 1]
1954,10,7,3,[3, 3, 6, 6, 4, 6, 4],[9, 2, 1]
1956,10,7,3,[8, 7, 7, 6, 8, 6, 7],[9, 5, 4]
1957,10,8,2,[6, 6, 6, 4, 4, 5, 4, 6],[3, 7]
1958,10,6,4,[6, 5, 6, 6, 6, 5],[7, 4, 4, 7]
1959,10,6,4,[5, 5, 5, 6, 6, 5],[4, 4, 4, 7]
1960,10,7,3,[5, 5, 7, 6, 6, 7, 7],[1, 9, 2]
1961,10,5,5,[7, 6, 5, 6, 7],[9, 9, 3, 3, 2]
1962,10,5,5,[3, 4, 5, 4, 3],[6, 6, 6, 2, 1]
1963,10,7,3,[5, 6, 6, 5, 4, 5, 4],[7, 7, 1]
1964,10,6,4,[5, 4, 5, 6, 6, 5],[7, 7, 7, 2]
1965,10,5,5,[4, 3, 3, 3, 3],[2, 5, 5, 1, 5]
1967,10,7,3,[7, 5, 6, 6, 7, 7, 7],[3, 8, 8]
1968,10,8,2,[5, 3, 5, 5, 5, 3, 3, 4],[6, 2]
1970,10,7,3,[5, 6, 6, 6, 4, 5, 5],[2, 2, 7]
1971,10,6,4,[3, 4, 5, 3, 5, 3],[6, 1, 7, 2]
1972,10,8,2,[5, 3, 5, 5, 3, 3, 5, 5],[2, 1]
1973,10,5,5,[5, 5, 6, 6, 5],[3, 7, 3, 3, 8]
1975,10,5,5,[4, 3, 5, 4, 5],[6, 1, 6, 2, 6]
1976,10,5,5,[3, 4, 2, 3, 2],[1, 5, 1, 5, 5]
1977,10,8,2,[4, 3, 5, 4, 6, 5, 6, 3],[2, 8]
1978,10,7,3,[7, 7, 7, 7, 7, 7, 7],[6, 6, 8]
1979,10,9,1,[3, 7, 6, 4, 6, 7, 6, 3, 7],[1]
1980,10,7,3,[7, 4, 8, 8, 6, 4, 6],[9, 9, 1]
1981,10,6,4,[6, 5, 5, 4, 6, 5],[1, 1, 7, 7]
1982,10,8,2,[7, 6, 7, 7, 6, 6, 6, 7],[5, 4]
1983,10,5,5,[5, 5, 6, 6, 6],[3, 3, 7, 7, 1]
1984,10,7,3,[5, 5, 3, 6, 4, 4, 6],[7, 1, 2]
1985,10,7,3,[6, 7, 7, 7, 7, 6, 7],[5, 4, 5]
1986,10,8,2,[6, 7, 4, 5, 7, 4, 6, 4],[9, 1]
1987,10,6,4,[7, 5, 7, 5, 7, 6],[4, 8, 8, 4]
1989,10,3,7,[4, 4, 4],[3, 5, 3, 5, 3, 5, 3]
1990,10,6,4,[7, 7, 6, 7, 7, 6],[5, 8, 8, 8]
1991,10,6,4,[7, 7, 6, 7, 5, 7],[8, 4, 8, 4]
1992,10,7,3,[6, 5, 6, 5, 7, 7, 6],[1, 8, 8]
1993,10,8,2,[6, 6, 6, 7, 6, 7, 7, 6],[3, 4]
1994,10,8,2,[5, 7, 8, 8, 8, 7, 6, 8],[3, 4]
1995,10,9,1,[7, 6, 7, 6, 5, 6, 4, 6, 7],[1]
1996,10,7,3,[7, 6, 6, 6, 7, 6, 6],[5, 8, 5]
1997,10,7,3,[7, 6, 6, 6, 6, 4, 5],[8, 3, 2]
1998,10,8,2,[7, 5, 8, 7, 5, 7, 8, 8],[2, 4]
1999,10,7,3,[3, 5, 5, 3, 4, 4, 3],[2, 6, 1]
2000,10,6,4,[6, 7, 7, 6, 6, 6],[8, 4, 2, 8]
2001,10,7,3,[5, 5, 6, 6, 5, 6, 5],[4, 7, 3]
2002,10,5,5,[6, 6, 6, 5, 6],[3, 1, 7, 3, 7]
2003,10,8,2,[7, 5, 7, 8, 8, 7, 7, 7],[1, 4]
2004,10,7,3,[6, 6, 6, 4, 7, 6, 3],[1, 1, 9]
2005,10,4,6,[5, 5, 4, 5],[3, 6, 6, 3, 2, 6]
2006,10,3,7,[4, 4, 4],[5, 3, 5, 3, 3, 5, 5]
2007,10,6,4,[6, 4, 6, 5, 6, 5],[3, 2, 7, 7]
2008,10,8,2,[3, 5, 4, 3, 4, 5, 3, 5],[1, 6]
2009,10,7,3,[4, 5, 4, 5, 4, 5, 5],[6, 3, 3]
2010,10,6,4,[5, 3, 4, 5, 5, 5],[7, 6, 2, 2]
2011,10,5,5,[4, 6, 5, 4, 6],[7, 3, 7, 2, 7]
2013,10,7,3,[6, 7, 6, 6, 6, 6, 7],[3, 9, 3]
2014,10,6,4,[5, 6, 7, 5, 5, 7],[9, 4, 8, 3]
2016,10,7,3,[3, 4, 5, 5, 5, 5, 5],[7, 1, 1]
2017,10,7,3,[4, 5, 3, 3, 5, 5, 3],[2, 6, 2]
2018,10,8,2,[5, 6, 6, 5, 5, 5, 6, 6],[4, 3]
2019,10,7,3,[5, 5, 3, 5, 5, 4, 5],[6, 1, 2]
2020,10,8,2,[3, 4, 3, 5, 3, 5, 5, 5],[6, 2]
2021,10,4,6,[5, 5, 4, 5],[6, 3, 6, 3, 6, 3]
2022,10,7,3,[4, 5, 5, 4, 4, 4, 5],[1, 6, 6]
2023,10,6,4,[5, 6, 6, 5, 5, 5],[7, 3, 7, 3]
2024,10,5,5,[5, 5, 5, 5, 4],[3, 6, 6, 3, 6]
2025,10,6,4,[5, 5, 4, 5, 4, 5],[3, 3, 2, 6]
2026,10,8,2,[3, 2, 2, 5, 2, 5, 2, 3],[7, 7]
2027,10,7,3,[6, 6, 4, 5, 4, 4, 6],[2, 9, 3]
2028,10,7,3,[6, 6, 6, 4, 5, 5, 6],[2, 7, 3]
2029,10,7,3,[5, 6, 5, 5, 6, 4, 5],[3, 3, 7]
2030,10,8,2,[4, 6, 6, 3, 3, 6, 5, 6],[1, 1]
2031,10,4,6,[3, 2, 4, 3],[1, 5, 5, 5, 1, 5]
2032,10,6,4,[2, 6, 4, 4, 6, 6],[1, 9, 1, 1]
2033,10,6,4,[6, 6, 6, 5, 7, 6],[2, 3, 9, 3]
2034,10,8,2,[6, 6, 6, 6, 6, 6, 5, 6],[3, 3]
2035,10,7,3,[5, 6, 6, 3, 5, 4, 3],[7, 2, 1]
2036,10,8,2,[5, 5, 4, 5, 2, 5, 5, 3],[1, 1]
2037,10,8,2,[5, 5, 5, 4, 5, 5, 3, 3],[1, 7]
2038,10,8,2,[3, 2, 2, 5, 4, 5, 5, 2],[6, 1]
2039,10,7,3,[4, 3, 3, 3, 3, 3, 5],[6, 7, 6]
2040,10,7,3,[3, 4, 3, 3, 4, 4, 3],[6, 1, 6]
2041,10,8,2,[4, 6, 5, 4, 5, 5, 5, 6],[3, 7]
2043,10,7,3,[5, 4, 5, 6, 6, 4, 6],[2, 7, 3]
2044,10,6,4,[6, 7, 7, 6, 5, 6],[4, 4, 3, 9]
2045,10,6,4,[6, 5, 6, 4, 5, 5],[7, 3, 3, 7]
2046,10,6,4,[5, 5, 5, 5, 4, 4],[6, 3, 3, 2]
2047,10,6,4,[5, 5, 2, 5, 5, 5],[1, 1, 1, 7]
2048,10,9,1,[6, 6, 5, 6, 6, 5, 5, 5, 6],[3]
2049,10,7,3,[5, 5, 4, 4, 5, 4, 5],[1, 2, 7]
2050,10,7,3,[6, 5, 5, 6, 4, 5, 5],[1, 8, 3]
2051,10,5,5,[5, 3, 4, 6, 5],[7, 7, 2, 2, 1]
2052,10,7,3,[5, 4, 5, 4, 6, 3, 6],[7, 2, 1]
2053,10,7,3,[5, 5, 5, 6, 6, 5, 5],[7, 7, 7]
2054,10,6,4,[6, 5, 5, 4, 4, 6],[1, 2, 1, 7]
2055,10,6,4,[5, 6, 3, 3, 6, 4],[1, 7, 7, 1]
2056,10,6,4,[2, 4, 4, 3, 3, 4],[5, 5, 1, 1]
2057,10,8,2,[6, 6, 7, 5, 7, 5, 7, 5],[1, 2]
2058,10,7,3,[5, 6, 6, 6, 6, 6, 5],[1, 1, 8]
2059,10,6,4,[6, 7, 7, 5, 7, 7],[9, 1, 3, 3]
2060,10,7,3,[7, 6, 3, 4, 5, 3, 7],[9, 2, 1]
2061,10,5,5,[6, 6, 6, 6, 6],[5, 5, 7, 5, 7]
2062,10,5,5,[6, 3, 2, 6, 3],[1, 1, 1, 7, 7]
2063,10,7,3,[7, 5, 7, 5, 5, 7, 7],[8, 2, 8]
2064,10,5,5,[5, 6, 5, 6, 7],[3, 8, 1, 3, 8]
2065,10,6,4,[5, 5, 5, 2, 4, 3],[1, 1, 6, 1]
2066,10,7,3,[5, 3, 3, 5, 5, 5, 4],[1, 6, 6]
2067,10,7,3,[2, 2, 5, 5, 6, 4, 2],[1, 7, 8]
2068,10,7,3,[5, 6, 4, 5, 5, 5, 5],[7, 3, 1]
2069,10,7,3,[4, 5, 3, 5, 5, 3, 3],[7, 6, 1]
2070,10,7,3,[5, 5, 6, 5, 5, 6, 6],[3, 7, 4]
2071,10,6,4,[3, 3, 3, 4, 5, 5],[6, 1, 7, 2]
2073,10,6,4,[6, 5, 6, 6, 3, 3],[7, 1, 7, 2]
2074,10,7,3,[6, 6, 5, 6, 5, 5, 5],[7, 3, 4]
2075,10,8,2,[7, 7, 6, 6, 7, 7, 3, 3],[2, 2]
2076,10,5,5,[5, 4, 5, 4, 5],[3, 6, 6, 3, 6]
2077,10,6,4,[4, 3, 5, 4, 3, 4],[1, 8, 6, 1]
2078,10,6,4,[4, 3, 3, 4, 3, 4],[2, 6, 1, 5]
2079,10,8,2,[3, 3, 4, 3, 4, 5, 3, 3],[2, 8]
2080,10,8,2,[6, 3, 6, 3, 6, 3, 5, 4],[1, 9]
2081,10,6,4,[3, 3, 2, 3, 3, 2],[1, 5, 1, 6]
2082,10,8,2,[5, 5, 3, 4, 5, 5, 4, 6],[7, 1]
2084,10,8,2,[6, 5, 5, 4, 5, 6, 7, 4],[3, 9]
2085,10,8,2,[7, 7, 5, 6, 7, 4, 7, 6],[8, 1]
2086,10,5,5,[5, 4, 7, 4, 6],[2, 2, 8, 8, 1]
2087,10,8,2,[4, 5, 6, 6, 5, 6, 5, 6],[7, 1]
2088,10,6,4,[7, 5, 7, 7, 6, 7],[4, 4, 8, 4]
2089,10,7,3,[7, 7, 6, 5, 7, 7, 6],[3, 4, 4]
2090,10,6,4,[4, 6, 5, 7, 7, 6],[3, 8, 3, 2]
2091,10,6,4,[7, 7, 7, 8, 7, 7],[9, 5, 9, 9]
2093,10,5,5,[5, 7, 5, 6, 6],[8, 8, 3, 9, 4]
2094,10,7,3,[6, 7, 6, 6, 6, 7, 6],[3, 4, 8]
2095,10,6,4,[5, 6, 5, 6, 6, 7],[3, 4, 8, 8]
2096,10,7,3,[6, 7, 7, 5, 7, 5, 7],[2, 8, 8]
2097,10,8,2,[7, 6, 7, 7, 6, 8, 8, 5],[1, 9]
2098,10,7,3,[4, 4, 6, 5, 5, 6, 7],[9, 2, 3]
2100,10,6,4,[6, 6, 5, 6, 5, 5],[4, 7, 7, 7]
2101,10,8,2,[6, 4, 6, 7, 5, 5, 6, 4],[3, 9]
2102,10,6,4,[5, 3, 6, 4, 6, 6],[2, 8, 8, 1]
2103,10,6,4,[5, 5, 6, 5, 5, 4],[7, 7, 3, 2]
2104,10,6,4,[6, 5, 7, 6, 7, 7],[8, 4, 8, 3]
2105,10,7,3,[6, 7, 5, 7, 6, 5, 7],[3, 9, 8]
2106,10,5,5,[2, 5, 5, 3, 2],[1, 6, 1, 6, 1]
2107,10,7,3,[5, 6, 5, 6, 7, 6, 6],[9, 8, 4]
