1,10,6,4,[3, 3, 4, 3, 3, 4],[5, 2, 5, 5]
2,10,8,2,[3, 3, 4, 3, 5, 3, 4, 5],[1, 6]
3,10,8,2,[3, 3, 3, 3, 4, 3, 3, 4],[5, 5]
4,10,8,2,[5, 5, 6, 5, 5, 5, 5, 5],[9, 7]
5,10,8,2,[6, 6, 7, 6, 6, 7, 7, 6],[5, 8]
6,10,7,3,[8, 6, 7, 7, 8, 7, 8],[9, 4, 5]
7,10,8,2,[6, 8, 7, 6, 8, 7, 7, 8],[4, 9]
8,10,6,4,[6, 6, 6, 6, 6, 6],[7, 7, 7, 7]
9,10,8,2,[7, 6, 7, 7, 7, 7, 6, 7],[5, 5]
10,10,9,1,[7, 6, 7, 6, 6, 6, 6, 6, 7],[3]
11,10,8,2,[5, 5, 5, 6, 6, 6, 6, 5],[3, 7]
12,10,7,3,[5, 6, 5, 6, 5, 5, 5],[7, 3, 4]
13,10,8,2,[3, 5, 5, 4, 5, 5, 3, 5],[7, 1]
14,10,5,5,[6, 6, 6, 6, 6],[5, 5, 5, 7, 7]
15,10,8,2,[4, 4, 6, 6, 6, 5, 5, 5],[1, 7]
16,10,4,6,[6, 6, 6, 6],[7, 7, 5, 5, 5, 7]
17,10,6,4,[6, 6, 5, 5, 6, 6],[4, 7, 4, 4]
18,10,5,5,[7, 7, 7, 7, 7],[8, 6, 5, 8, 8]
19,10,8,2,[7, 7, 6, 7, 7, 7, 7, 7],[9, 5]
20,10,5,5,[6, 6, 6, 6, 6],[4, 7, 7, 7, 5]
21,10,8,2,[6, 5, 5, 5, 5, 5, 5, 6],[7, 7]
22,10,5,5,[6, 6, 6, 6, 6],[7, 5, 7, 5, 7]
23,10,7,3,[7, 6, 7, 7, 7, 6, 7],[5, 8, 8]
24,10,6,4,[5, 4, 5, 5, 5, 5],[3, 3, 3, 6]
25,10,7,3,[4, 3, 3, 4, 4, 3, 3],[5, 1, 5]
26,10,8,2,[6, 6, 7, 7, 7, 7, 7, 6],[5, 8]
28,10,7,3,[5, 4, 4, 4, 4, 5, 4],[7, 6, 3]
29,10,5,5,[6, 6, 5, 4, 4],[7, 3, 3, 7, 3]
30,10,8,2,[6, 7, 7, 6, 6, 6, 6, 7],[8, 8]
31,10,6,4,[7, 7, 7, 7, 7, 7],[6, 6, 6, 6]
32,10,9,1,[8, 7, 6, 6, 8, 7, 6, 6, 7],[9]
33,10,9,1,[7, 6, 6, 7, 7, 7, 6, 6, 6],[2]
34,10,8,2,[7, 6, 5, 6, 5, 7, 7, 7],[8, 1]
35,10,7,3,[7, 4, 6, 5, 4, 6, 6],[3, 3, 9]
36,10,9,1,[7, 6, 6, 5, 5, 5, 7, 5, 5],[9]
37,10,8,2,[7, 6, 7, 5, 5, 7, 5, 6],[1, 3]
38,10,9,1,[7, 7, 7, 7, 6, 6, 7, 7, 6],[4]
39,10,5,5,[5, 6, 5, 6, 5],[7, 4, 4, 4, 7]
40,10,8,2,[5, 3, 5, 5, 4, 3, 5, 4],[1, 2]
41,10,8,2,[4, 5, 4, 4, 4, 5, 3, 4],[9, 2]
42,10,8,2,[8, 6, 7, 6, 5, 7, 7, 6],[1, 9]
44,10,8,2,[7, 6, 7, 6, 6, 7, 6, 7],[9, 5]
45,10,9,1,[6, 5, 7, 7, 7, 5, 6, 7, 6],[3]
46,10,9,1,[7, 7, 5, 5, 7, 6, 5, 7, 7],[3]
47,10,8,2,[6, 6, 7, 7, 6, 7, 6, 6],[3, 3]
48,10,7,3,[6, 6, 6, 5, 5, 5, 5],[7, 4, 7]
49,10,6,4,[5, 5, 6, 5, 6, 5],[7, 2, 7, 3]
50,10,9,1,[6, 7, 6, 7, 7, 5, 5, 7, 6],[4]
51,10,2,8,[6, 6],[5, 7, 7, 7, 7, 5, 5, 5]
52,10,6,4,[5, 5, 6, 6, 6, 6],[7, 7, 4, 7]
53,10,8,2,[3, 4, 3, 4, 3, 3, 3, 4],[7, 7]
54,10,6,4,[3, 2, 3, 3, 2, 2],[4, 4, 4, 1]
55,10,6,4,[4, 5, 5, 4, 5, 4],[3, 6, 3, 3]
56,10,7,3,[6, 6, 6, 4, 5, 4, 5],[7, 1, 7]
57,10,8,2,[5, 4, 5, 5, 5, 5, 4, 4],[1, 6]
58,10,8,2,[6, 7, 5, 7, 6, 7, 6, 7],[2, 4]
59,10,8,2,[5, 5, 4, 4, 5, 5, 4, 5],[8, 8]
60,10,6,4,[4, 5, 4, 4, 4, 5],[3, 3, 7, 3]
61,10,7,3,[5, 3, 5, 4, 3, 4, 5],[2, 7, 7]
62,10,9,1,[6, 7, 7, 7, 7, 4, 6, 5, 5],[1]
63,10,8,2,[5, 6, 6, 5, 6, 6, 6, 5],[4, 4]
64,10,8,2,[4, 3, 3, 3, 4, 4, 3, 3],[5, 1]
65,10,6,4,[6, 6, 7, 7, 6, 6],[8, 5, 8, 5]
66,10,8,2,[5, 6, 6, 7, 7, 7, 7, 8],[2, 9]
67,10,9,1,[6, 7, 6, 6, 7, 7, 7, 7, 7],[4]
68,10,7,3,[3, 3, 3, 3, 3, 3, 3],[4, 4, 4]
69,10,9,1,[4, 3, 4, 3, 3, 3, 4, 4, 3],[8]
70,10,7,3,[3, 3, 2, 3, 3, 2, 3],[4, 4, 1]
71,10,7,3,[4, 5, 3, 4, 5, 4, 4],[6, 1, 6]
72,10,7,3,[6, 6, 5, 6, 5, 7, 6],[8, 1, 9]
73,10,8,2,[6, 5, 5, 6, 6, 5, 5, 5],[7, 1]
74,10,7,3,[6, 6, 6, 6, 6, 7, 7],[5, 5, 8]
75,10,8,2,[5, 6, 5, 5, 5, 6, 5, 5],[4, 9]
76,10,9,1,[5, 7, 4, 7, 6, 6, 7, 6, 7],[1]
77,10,6,4,[5, 6, 6, 5, 6, 5],[7, 4, 7, 4]
78,10,7,3,[6, 5, 6, 6, 5, 6, 6],[4, 7, 4]
79,10,5,5,[6, 6, 6, 6, 6],[7, 5, 5, 5, 5]
80,10,7,3,[6, 4, 5, 5, 7, 6, 6],[3, 1, 8]
81,10,8,2,[5, 6, 5, 5, 6, 6, 4, 5],[1, 7]
82,10,9,1,[6, 7, 6, 7, 7, 7, 6, 7, 7],[3]
83,10,9,1,[6, 6, 7, 5, 5, 7, 6, 5, 5],[8]
84,10,2,8,[7, 7],[8, 8, 6, 6, 6, 8, 8, 6]
86,10,6,4,[3, 3, 3, 3, 3, 4],[5, 1, 2, 5]
87,10,7,3,[3, 3, 3, 3, 3, 3, 3],[2, 4, 5]
88,10,9,1,[7, 6, 7, 6, 6, 5, 7, 6, 7],[3]
89,10,8,2,[3, 4, 4, 3, 3, 3, 3, 4],[5, 5]
90,10,8,2,[7, 6, 7, 6, 6, 6, 5, 7],[3, 8]
91,10,7,3,[6, 5, 6, 5, 5, 6, 5],[7, 7, 3]
92,10,6,4,[7, 7, 7, 7, 7, 7],[6, 6, 6, 6]
93,10,4,6,[6, 6, 6, 6],[7, 5, 5, 7, 7, 7]
94,10,6,4,[7, 6, 6, 6, 7, 7],[5, 8, 5, 5]
95,10,7,3,[7, 7, 7, 7, 7, 7, 7],[6, 6, 6]
96,10,7,3,[7, 7, 7, 6, 7, 7, 7],[4, 4, 4]
97,10,6,4,[7, 7, 7, 7, 7, 7],[6, 6, 9, 6]
98,10,5,5,[6, 6, 6, 6, 6],[7, 5, 7, 4, 7]
99,10,8,2,[7, 7, 7, 6, 7, 6, 6, 7],[9, 1]
100,10,7,3,[3, 3, 3, 4, 3, 3, 3],[5, 7, 2]
101,10,8,2,[3, 4, 4, 5, 5, 5, 3, 5],[7, 1]
102,10,6,4,[3, 5, 5, 5, 4, 4],[7, 1, 2, 2]
103,10,7,3,[5, 5, 5, 4, 4, 4, 5],[7, 3, 3]
104,10,8,2,[6, 6, 7, 6, 6, 7, 7, 7],[4, 5]
105,10,8,2,[6, 7, 6, 7, 7, 7, 6, 7],[4, 5]
106,10,8,2,[6, 6, 7, 7, 7, 5, 7, 7],[9, 3]
107,10,7,3,[7, 7, 6, 7, 7, 6, 6],[8, 1, 3]
108,10,6,4,[7, 8, 7, 6, 8, 7],[9, 9, 3, 3]
109,10,8,2,[7, 7, 5, 5, 6, 5, 5, 5],[9, 4]
110,10,3,7,[4, 4, 4],[5, 3, 5, 3, 5, 5, 3]
111,10,7,3,[4, 4, 4, 4, 4, 4, 4],[1, 5, 5]
112,10,8,2,[5, 5, 5, 5, 5, 5, 5, 5],[4, 4]
113,10,7,3,[5, 5, 7, 5, 5, 5, 5],[2, 9, 8]
114,10,7,3,[7, 7, 7, 7, 7, 6, 6],[5, 8, 8]
115,10,6,4,[6, 6, 6, 6, 6, 6],[7, 7, 7, 7]
116,10,8,2,[7, 6, 6, 7, 6, 7, 6, 6],[8, 8]
118,10,8,2,[7, 7, 5, 7, 6, 6, 7, 7],[8, 3]
119,10,9,1,[7, 7, 6, 5, 6, 5, 7, 7, 7],[3]
120,10,7,3,[7, 6, 6, 6, 7, 6, 6],[5, 5, 9]
121,10,8,2,[8, 6, 6, 8, 7, 7, 7, 7],[1, 1]
122,10,5,5,[7, 7, 7, 7, 7],[8, 6, 6, 6, 6]
123,10,8,2,[7, 6, 7, 7, 7, 7, 6, 7],[9, 5]
125,10,8,2,[7, 6, 6, 7, 6, 7, 5, 5],[3, 8]
126,10,6,4,[7, 7, 7, 7, 7, 7],[6, 6, 9, 9]
127,10,8,2,[6, 6, 4, 6, 6, 5, 7, 6],[8, 1]
128,10,6,4,[7, 7, 7, 7, 7, 7],[9, 6, 8, 6]
129,10,6,4,[4, 3, 4, 4, 4, 4],[6, 2, 6, 7]
130,10,7,3,[5, 5, 5, 5, 5, 5, 5],[6, 2, 3]
131,10,8,2,[5, 5, 5, 5, 4, 4, 5, 5],[3, 3]
132,10,8,2,[3, 5, 4, 3, 5, 3, 3, 3],[6, 6]
133,10,8,2,[7, 5, 6, 7, 6, 7, 7, 6],[4, 4]
134,10,5,5,[5, 5, 5, 6, 5],[7, 7, 1, 2, 7]
135,10,6,4,[3, 2, 3, 2, 5, 3],[7, 8, 7, 1]
136,10,6,4,[3, 3, 3, 3, 3, 3],[4, 2, 4, 1]
137,10,7,3,[6, 7, 7, 6, 7, 6, 6],[4, 9, 5]
138,10,9,1,[4, 3, 4, 3, 5, 4, 5, 3, 3],[6]
139,10,8,2,[6, 7, 7, 5, 7, 7, 7, 6],[9, 2]
140,10,4,6,[5, 6, 4, 6],[7, 3, 7, 2, 7, 3]
141,10,7,3,[4, 4, 4, 3, 4, 4, 3],[5, 1, 5]
142,10,9,1,[6, 6, 5, 5, 5, 7, 6, 5, 7],[9]
143,10,5,5,[5, 6, 6, 6, 6],[7, 4, 7, 4, 7]
144,10,7,3,[7, 7, 6, 6, 7, 7, 6],[9, 2, 4]
145,10,5,5,[5, 5, 5, 6, 4],[3, 7, 7, 3, 3]
146,10,6,4,[6, 6, 6, 6, 7, 6],[5, 9, 9, 9]
147,10,5,5,[7, 7, 7, 7, 6],[8, 4, 5, 8, 5]
148,10,7,3,[5, 6, 7, 5, 7, 7, 6],[4, 4, 8]
149,10,7,3,[4, 3, 5, 5, 5, 3, 5],[6, 6, 1]
150,10,4,6,[5, 3, 5, 3],[7, 7, 1, 7, 2, 7]
151,10,5,5,[6, 6, 5, 5, 5],[7, 7, 4, 4, 4]
152,10,7,3,[5, 7, 5, 6, 6, 7, 6],[4, 8, 8]
153,10,6,4,[6, 6, 6, 6, 6, 6],[7, 7, 7, 7]
154,10,6,4,[7, 6, 7, 6, 6, 6],[8, 3, 3, 9]
155,10,8,2,[3, 3, 4, 3, 3, 3, 4, 4],[1, 7]
156,10,7,3,[3, 4, 3, 3, 3, 3, 4],[2, 1, 5]
157,10,6,4,[5, 5, 4, 4, 4, 5],[3, 3, 3, 6]
158,10,7,3,[5, 5, 6, 5, 5, 5, 5],[7, 4, 7]
159,10,7,3,[5, 3, 3, 6, 3, 4, 5],[7, 7, 1]
160,10,8,2,[5, 6, 6, 6, 5, 5, 5, 5],[1, 9]
161,10,7,3,[5, 5, 5, 5, 5, 5, 5],[4, 6, 4]
162,10,7,3,[6, 5, 7, 6, 5, 4, 5],[8, 1, 8]
163,10,7,3,[7, 7, 7, 7, 7, 7, 7],[6, 8, 6]
164,10,9,1,[6, 6, 6, 6, 5, 6, 5, 5, 6],[2]
165,10,6,4,[5, 5, 5, 5, 5, 5],[6, 6, 6, 6]
166,10,8,2,[7, 6, 5, 6, 7, 6, 7, 7],[4, 4]
167,10,8,2,[7, 7, 7, 8, 7, 7, 7, 7],[9, 4]
168,10,8,2,[7, 6, 7, 7, 4, 7, 4, 6],[3, 3]
169,10,5,5,[7, 7, 7, 6, 7],[8, 5, 5, 9, 5]
170,10,7,3,[6, 6, 6, 6, 5, 6, 5],[4, 4, 3]
171,10,5,5,[8, 8, 8, 8, 8],[7, 9, 7, 7, 9]
172,10,5,5,[6, 5, 6, 6, 6],[4, 3, 7, 7, 7]
173,10,7,3,[8, 6, 6, 7, 6, 7, 6],[3, 9, 2]
175,10,7,3,[4, 4, 4, 4, 4, 4, 4],[5, 3, 3]
176,10,9,1,[4, 4, 4, 3, 3, 3, 4, 4, 3],[2]
177,10,9,1,[6, 6, 5, 6, 6, 7, 7, 6, 6],[1]
178,10,6,4,[5, 4, 4, 5, 5, 5],[3, 6, 6, 3]
179,10,5,5,[7, 7, 6, 6, 6],[8, 5, 5, 8, 5]
181,10,8,2,[3, 3, 3, 3, 3, 3, 2, 2],[7, 5]
182,10,8,2,[4, 4, 5, 5, 4, 5, 4, 5],[7, 3]
183,10,7,3,[3, 3, 3, 4, 4, 3, 3],[5, 2, 5]
184,10,7,3,[4, 5, 5, 4, 4, 5, 5],[2, 7, 3]
185,10,7,3,[4, 5, 4, 4, 4, 4, 5],[6, 6, 7]
186,10,6,4,[3, 4, 3, 3, 4, 4],[2, 6, 5, 2]
187,10,6,4,[4, 6, 6, 4, 5, 5],[1, 7, 7, 7]
188,10,8,2,[6, 5, 5, 5, 6, 6, 6, 5],[4, 7]
189,10,6,4,[7, 6, 7, 7, 7, 7],[5, 8, 9, 5]
190,10,8,2,[7, 7, 6, 6, 6, 6, 7, 7],[9, 4]
191,10,8,2,[6, 6, 7, 7, 6, 6, 7, 7],[5, 9]
192,10,8,2,[6, 7, 7, 7, 7, 6, 6, 6],[5, 8]
193,10,9,1,[6, 6, 6, 7, 6, 6, 7, 7, 7],[8]
194,10,5,5,[5, 5, 5, 5, 5],[6, 6, 4, 6, 6]
195,10,8,2,[7, 7, 7, 7, 7, 6, 6, 7],[5, 5]
196,10,8,2,[6, 6, 7, 6, 7, 7, 6, 7],[8, 1]
197,10,7,3,[3, 3, 4, 3, 4, 4, 4],[6, 5, 1]
198,10,9,1,[7, 7, 6, 6, 7, 7, 7, 6, 7],[4]
199,10,7,3,[6, 5, 5, 6, 6, 6, 6],[3, 7, 4]
200,10,7,3,[5, 6, 5, 6, 6, 6, 5],[3, 7, 7]
201,10,7,3,[5, 5, 5, 5, 5, 5, 5],[4, 7, 6]
202,10,9,1,[3, 4, 4, 3, 3, 4, 3, 3, 3],[5]
203,10,4,6,[4, 4, 4, 4],[3, 3, 3, 3, 5, 5]
204,10,8,2,[6, 7, 6, 5, 7, 5, 7, 7],[1, 9]
205,10,7,3,[5, 5, 6, 5, 5, 5, 5],[7, 3, 1]
206,10,4,6,[4, 4, 4, 4],[3, 5, 3, 5, 5, 3]
207,10,5,5,[4, 4, 5, 5, 5],[3, 3, 7, 6, 3]
208,10,6,4,[6, 6, 6, 6, 6, 6],[7, 7, 5, 4]
209,10,5,5,[6, 6, 6, 6, 6],[4, 7, 7, 5, 7]
210,10,9,1,[5, 4, 4, 4, 6, 4, 6, 5, 5],[7]
211,10,7,3,[2, 4, 3, 3, 3, 3, 3],[1, 5, 7]
212,10,7,3,[8, 8, 6, 7, 7, 7, 7],[9, 4, 9]
213,10,6,4,[5, 4, 4, 5, 4, 5],[3, 3, 3, 6]
214,10,9,1,[7, 6, 7, 6, 7, 7, 5, 7, 5],[1]
215,10,9,1,[4, 3, 4, 3, 5, 3, 3, 4, 4],[7]
216,10,4,6,[6, 7, 6, 7],[5, 9, 5, 8, 8, 5]
217,10,5,5,[7, 7, 7, 7, 7],[9, 6, 6, 9, 6]
218,10,8,2,[6, 7, 6, 7, 6, 7, 7, 7],[9, 5]
219,10,5,5,[5, 5, 5, 5, 5],[6, 4, 6, 6, 6]
220,10,4,6,[6, 6, 6, 6],[5, 5, 7, 7, 7, 5]
221,10,6,4,[7, 6, 6, 7, 7, 7],[9, 5, 8, 4]
222,10,6,4,[6, 6, 5, 4, 6, 4],[3, 8, 7, 3]
223,10,6,4,[7, 7, 6, 7, 6, 6],[5, 9, 5, 8]
224,10,6,4,[7, 6, 7, 7, 7, 6],[5, 5, 4, 8]
225,10,7,3,[3, 4, 5, 5, 3, 4, 4],[1, 6, 6]
226,10,7,3,[6, 8, 8, 7, 8, 7, 7],[9, 9, 4]
227,10,6,4,[7, 6, 7, 6, 6, 6],[9, 5, 8, 8]
228,10,7,3,[5, 5, 5, 5, 6, 6, 5],[8, 4, 4]
229,10,7,3,[3, 4, 3, 4, 4, 4, 4],[6, 2, 6]
230,10,5,5,[6, 5, 6, 5, 6],[7, 3, 4, 7, 4]
231,10,6,4,[6, 6, 6, 6, 7, 7],[4, 8, 9, 5]
232,10,7,3,[4, 6, 5, 5, 4, 5, 4],[1, 7, 7]
233,10,9,1,[6, 8, 8, 7, 7, 7, 6, 7, 7],[1]
234,10,8,2,[7, 6, 6, 6, 7, 7, 7, 6],[4, 8]
235,10,9,1,[4, 5, 5, 4, 5, 5, 5, 5, 5],[3]
236,10,6,4,[6, 6, 6, 6, 6, 6],[5, 7, 5, 7]
237,10,7,3,[6, 7, 7, 7, 7, 7, 6],[5, 5, 4]
238,10,8,2,[7, 7, 7, 7, 8, 8, 6, 7],[9, 4]
239,10,4,6,[6, 6, 6, 6],[7, 7, 7, 5, 5, 7]
240,10,6,4,[6, 7, 6, 6, 6, 6],[8, 4, 4, 8]
241,10,7,3,[7, 7, 7, 7, 7, 7, 7],[5, 4, 8]
242,10,8,2,[6, 7, 7, 7, 6, 6, 5, 6],[3, 8]
243,10,5,5,[6, 6, 6, 6, 6],[7, 7, 5, 5, 5]
244,10,9,1,[6, 5, 5, 6, 5, 5, 5, 5, 5],[1]
245,10,5,5,[5, 5, 5, 6, 6],[7, 4, 7, 7, 3]
246,10,5,5,[6, 6, 5, 6, 6],[3, 7, 7, 4, 4]
247,10,8,2,[5, 6, 5, 5, 6, 5, 5, 6],[7, 7]
248,10,6,4,[6, 6, 6, 6, 6, 6],[5, 7, 5, 7]
249,10,7,3,[7, 7, 7, 7, 7, 7, 7],[6, 9, 8]
250,10,8,2,[7, 6, 7, 6, 6, 7, 7, 7],[5, 8]
251,10,3,7,[4, 4, 4],[3, 3, 5, 3, 3, 5, 5]
252,10,7,3,[5, 4, 3, 5, 4, 3, 3],[6, 2, 6]
253,10,8,2,[5, 5, 5, 5, 5, 6, 5, 5],[7, 9]
254,10,7,3,[3, 3, 3, 3, 3, 3, 3],[4, 4, 4]
255,10,3,7,[6, 6, 6],[7, 5, 7, 7, 5, 5, 5]
256,10,7,3,[7, 7, 7, 6, 6, 5, 7],[8, 4, 4]
257,10,6,4,[6, 7, 7, 6, 6, 7],[8, 5, 8, 5]
258,10,7,3,[4, 5, 6, 5, 5, 4, 4],[1, 7, 7]
259,10,7,3,[5, 5, 6, 5, 5, 5, 5],[7, 7, 7]
260,10,6,4,[6, 6, 6, 6, 6, 6],[7, 7, 5, 7]
261,10,8,2,[6, 6, 7, 6, 7, 5, 5, 5],[9, 2]
262,10,5,5,[5, 5, 5, 5, 5],[4, 4, 6, 4, 4]
263,10,8,2,[4, 5, 5, 5, 5, 4, 5, 4],[3, 3]
264,10,8,2,[7, 7, 6, 7, 7, 5, 7, 7],[4, 3]
265,10,9,1,[5, 6, 5, 5, 6, 5, 5, 6, 6],[7]
266,10,7,3,[7, 7, 7, 6, 7, 6, 6],[5, 8, 9]
267,10,8,2,[6, 7, 7, 7, 7, 7, 7, 6],[5, 9]
268,10,5,5,[6, 5, 4, 6, 5],[7, 3, 7, 3, 3]
269,10,9,1,[4, 5, 3, 4, 3, 4, 4, 3, 3],[7]
270,10,4,6,[4, 4, 5, 6],[3, 3, 3, 8, 7, 7]
271,10,6,4,[7, 7, 7, 7, 7, 7],[6, 6, 8, 6]
272,10,7,3,[8, 7, 7, 7, 6, 8, 8],[5, 9, 3]
273,10,8,2,[6, 7, 6, 6, 6, 7, 6, 6],[4, 8]
274,10,8,2,[6, 5, 5, 6, 6, 5, 6, 5],[4, 3]
275,10,7,3,[4, 5, 4, 5, 4, 4, 5],[7, 3, 3]
276,10,8,2,[5, 4, 5, 5, 4, 5, 5, 5],[1, 1]
277,10,6,4,[5, 5, 5, 5, 5, 5],[6, 6, 4, 4]
278,10,8,2,[6, 6, 5, 6, 6, 5, 6, 6],[3, 9]
279,10,8,2,[3, 3, 3, 4, 3, 3, 3, 4],[5, 2]
280,10,8,2,[3, 4, 4, 3, 4, 5, 4, 4],[7, 1]
281,10,7,3,[5, 5, 4, 5, 4, 3, 5],[1, 7, 2]
282,10,6,4,[2, 3, 2, 3, 3, 3],[5, 6, 1, 1]
283,10,7,3,[3, 3, 3, 4, 4, 3, 3],[7, 6, 1]
284,10,7,3,[4, 4, 3, 4, 4, 3, 4],[2, 1, 5]
285,10,7,3,[4, 3, 3, 4, 4, 4, 3],[7, 2, 2]
287,10,7,3,[4, 4, 4, 3, 3, 3, 4],[1, 5, 2]
288,10,6,4,[5, 3, 3, 3, 4, 3],[6, 2, 1, 6]
289,10,7,3,[3, 4, 4, 3, 3, 4, 4],[5, 1, 5]
290,10,6,4,[6, 5, 6, 6, 6, 5],[7, 7, 7, 4]
291,10,9,1,[2, 2, 3, 3, 2, 3, 3, 2, 3],[6]
292,10,6,4,[3, 3, 3, 3, 3, 3],[4, 4, 2, 2]
293,10,8,2,[3, 3, 2, 2, 2, 3, 4, 4],[6, 1]
294,10,5,5,[4, 4, 4, 5, 5],[6, 3, 7, 6, 3]
295,10,9,1,[5, 5, 5, 5, 5, 5, 5, 5, 5],[8]
296,10,8,2,[5, 4, 4, 4, 5, 5, 5, 5],[3, 3]
297,10,8,2,[5, 5, 5, 5, 5, 5, 5, 5],[1, 3]
298,10,7,3,[6, 7, 6, 5, 6, 5, 6],[3, 8, 3]
299,10,9,1,[6, 6, 5, 6, 4, 6, 5, 6, 6],[1]
300,10,8,2,[2, 3, 2, 2, 3, 3, 2, 3],[1, 4]
301,10,8,2,[2, 5, 2, 4, 4, 3, 2, 4],[8, 1]
302,10,9,1,[5, 5, 4, 5, 5, 5, 5, 5, 4],[3]
303,10,7,3,[3, 4, 3, 4, 3, 3, 3],[5, 5, 5]
304,10,8,2,[5, 5, 5, 5, 5, 5, 5, 6],[7, 8]
305,10,6,4,[4, 4, 5, 6, 5, 4],[7, 3, 3, 7]
306,10,8,2,[6, 5, 5, 5, 6, 5, 7, 6],[1, 9]
307,10,8,2,[3, 3, 4, 3, 2, 2, 4, 3],[1, 5]
308,10,8,2,[3, 5, 4, 4, 6, 4, 5, 6],[7, 1]
309,10,9,1,[4, 4, 4, 3, 3, 3, 3, 4, 3],[5]
310,10,6,4,[3, 3, 3, 3, 3, 3],[2, 4, 4, 2]
311,10,6,4,[4, 4, 4, 5, 5, 5],[3, 6, 6, 6]
312,10,4,6,[4, 4, 4, 5],[7, 3, 3, 6, 6, 3]
313,10,8,2,[5, 4, 4, 4, 5, 4, 5, 5],[3, 7]
314,10,7,3,[6, 5, 6, 5, 6, 5, 5],[4, 4, 7]
316,10,7,3,[6, 6, 6, 7, 7, 7, 7],[3, 3, 4]
317,10,5,5,[4, 4, 5, 4, 4],[3, 2, 6, 6, 6]
318,10,7,3,[6, 6, 5, 5, 5, 5, 5],[8, 3, 2]
319,10,9,1,[5, 6, 6, 5, 5, 5, 6, 5, 5],[7]
320,10,7,3,[5, 3, 5, 5, 3, 5, 4],[2, 6, 1]
321,10,8,2,[5, 5, 5, 5, 6, 5, 5, 5],[8, 1]
322,10,8,2,[5, 6, 5, 4, 5, 6, 4, 5],[7, 3]
323,10,6,4,[5, 4, 4, 4, 4, 5],[8, 7, 7, 3]
324,10,8,2,[5, 6, 5, 5, 6, 5, 5, 5],[7, 8]
325,10,8,2,[7, 7, 7, 5, 7, 5, 5, 6],[9, 3]
326,10,6,4,[3, 4, 3, 3, 3, 3],[6, 6, 7, 6]
327,10,7,3,[4, 4, 4, 5, 5, 4, 4],[8, 7, 2]
328,10,7,3,[6, 6, 6, 6, 5, 6, 5],[7, 4, 7]
329,10,7,3,[6, 6, 6, 6, 7, 7, 6],[8, 5, 5]
330,10,7,3,[5, 5, 6, 5, 5, 6, 5],[7, 7, 4]
331,10,6,4,[5, 5, 5, 5, 5, 5],[6, 6, 3, 4]
332,10,8,2,[3, 4, 4, 3, 3, 5, 3, 3],[7, 6]
333,10,8,2,[3, 3, 3, 4, 3, 4, 2, 3],[6, 1]
334,10,7,3,[4, 4, 4, 4, 4, 4, 4],[3, 3, 5]
335,10,7,3,[4, 3, 4, 4, 3, 4, 3],[6, 2, 5]
336,10,9,1,[3, 5, 4, 5, 5, 4, 4, 5, 3],[1]
337,10,8,2,[5, 6, 5, 5, 6, 5, 5, 6],[7, 3]
339,10,9,1,[6, 6, 7, 5, 5, 5, 5, 7, 6],[9]
340,10,7,3,[4, 5, 5, 4, 5, 4, 5],[3, 7, 3]
341,10,7,3,[4, 3, 4, 3, 4, 4, 3],[2, 2, 5]
343,10,8,2,[4, 3, 4, 4, 3, 3, 3, 4],[5, 1]
344,10,6,4,[5, 4, 4, 6, 6, 4],[7, 1, 7, 2]
345,10,8,2,[2, 5, 2, 4, 3, 2, 4, 4],[1, 7]
346,10,7,3,[2, 3, 3, 3, 3, 2, 3],[1, 4, 4]
348,10,7,3,[2, 2, 3, 3, 4, 3, 4],[1, 5, 6]
349,10,8,2,[3, 5, 3, 5, 3, 5, 5, 4],[2, 7]
350,10,3,7,[4, 4, 4],[3, 5, 3, 5, 3, 5, 5]
351,10,6,4,[4, 4, 4, 3, 4, 4],[5, 1, 2, 5]
352,10,7,3,[3, 5, 4, 4, 3, 4, 3],[8, 6, 2]
353,10,7,3,[3, 3, 3, 4, 5, 3, 4],[2, 2, 8]
354,10,8,2,[3, 3, 3, 4, 3, 5, 5, 3],[7, 6]
355,10,7,3,[4, 4, 3, 4, 4, 4, 3],[5, 5, 2]
356,10,7,3,[4, 5, 4, 5, 5, 5, 5],[2, 6, 3]
357,10,5,5,[5, 5, 5, 5, 5],[3, 6, 3, 7, 3]
358,10,7,3,[3, 3, 2, 2, 3, 3, 3],[4, 4, 1]
359,10,7,3,[5, 5, 4, 5, 5, 4, 4],[3, 7, 3]
360,10,9,1,[4, 3, 3, 4, 3, 4, 4, 4, 4],[1]
361,10,5,5,[4, 3, 3, 3, 3],[5, 5, 5, 1, 5]
363,10,8,2,[4, 4, 3, 3, 4, 3, 3, 3],[5, 5]
364,10,8,2,[2, 3, 3, 4, 3, 3, 4, 3],[1, 6]
365,10,5,5,[6, 4, 5, 4, 6],[2, 7, 7, 3, 7]
366,10,9,1,[3, 3, 2, 2, 3, 3, 3, 3, 3],[1]
367,10,6,4,[3, 2, 2, 3, 3, 2],[5, 5, 1, 1]
368,10,8,2,[5, 3, 5, 3, 5, 3, 4, 5],[9, 2]
369,10,6,4,[5, 5, 6, 5, 5, 4],[7, 3, 7, 3]
370,10,7,3,[4, 4, 4, 4, 4, 4, 4],[2, 2, 2]
371,10,8,2,[5, 5, 5, 6, 6, 5, 5, 6],[4, 7]
372,10,7,3,[3, 5, 3, 4, 4, 5, 5],[2, 7, 6]
373,10,7,3,[7, 6, 7, 6, 7, 7, 7],[9, 1, 9]
374,10,7,3,[5, 5, 5, 5, 6, 5, 5],[7, 7, 7]
376,10,8,2,[7, 6, 6, 7, 7, 6, 7, 7],[8, 4]
377,10,7,3,[4, 5, 5, 4, 5, 5, 4],[3, 6, 3]
378,10,8,2,[4, 3, 3, 4, 2, 5, 3, 4],[1, 9]
379,10,9,1,[7, 6, 7, 7, 7, 7, 6, 6, 7],[5]
380,10,4,6,[6, 6, 6, 6],[5, 5, 7, 5, 5, 7]
381,10,8,2,[6, 6, 5, 5, 5, 7, 6, 6],[9, 9]
382,10,7,3,[2, 3, 3, 2, 4, 4, 2],[1, 5, 5]
383,10,8,2,[3, 3, 4, 3, 4, 3, 3, 4],[1, 5]
384,10,7,3,[5, 5, 4, 4, 5, 3, 4],[6, 6, 1]
385,10,8,2,[3, 5, 4, 3, 3, 3, 4, 3],[7, 2]
386,10,8,2,[6, 6, 6, 6, 6, 6, 6, 6],[7, 7]
387,10,6,4,[6, 5, 5, 5, 6, 6],[4, 7, 3, 7]
388,10,7,3,[3, 3, 3, 3, 3, 3, 3],[2, 4, 1]
389,10,7,3,[4, 4, 5, 3, 4, 3, 4],[1, 6, 6]
390,10,6,4,[3, 4, 4, 3, 5, 3],[7, 7, 1, 2]
391,10,7,3,[5, 4, 4, 4, 5, 5, 4],[3, 3, 6]
392,10,8,2,[4, 4, 4, 4, 5, 5, 5, 5],[3, 9]
393,10,8,2,[3, 3, 3, 4, 3, 3, 3, 3],[6, 6]
394,10,7,3,[6, 6, 6, 7, 6, 6, 7],[8, 8, 5]
395,10,7,3,[3, 4, 4, 3, 4, 3, 3],[1, 5, 6]
396,10,5,5,[4, 4, 4, 4, 4],[5, 3, 3, 3, 5]
397,10,7,3,[5, 4, 5, 6, 6, 6, 4],[7, 2, 2]
398,10,9,1,[6, 4, 5, 5, 4, 4, 5, 5, 5],[9]
399,10,7,3,[4, 3, 5, 5, 4, 4, 5],[7, 6, 1]
400,10,5,5,[4, 4, 4, 4, 4],[3, 5, 3, 3, 5]
401,10,8,2,[3, 3, 3, 3, 3, 3, 3, 3],[4, 5]
402,10,8,2,[7, 5, 6, 6, 7, 5, 7, 6],[8, 4]
403,10,8,2,[3, 4, 4, 2, 3, 4, 3, 3],[1, 7]
404,10,5,5,[5, 4, 5, 5, 4],[3, 3, 7, 6, 3]
405,10,4,6,[3, 3, 3, 3],[2, 2, 4, 2, 4, 2]
406,10,4,6,[5, 3, 4, 4],[6, 2, 2, 2, 6, 6]
408,10,7,3,[3, 4, 3, 4, 4, 4, 4],[2, 1, 7]
409,10,6,4,[4, 5, 4, 5, 4, 4],[3, 6, 3, 6]
410,10,7,3,[3, 3, 3, 3, 3, 4, 3],[2, 6, 6]
411,10,8,2,[5, 4, 4, 5, 4, 4, 4, 5],[3, 9]
413,10,5,5,[5, 5, 5, 5, 6],[3, 7, 2, 7, 7]
414,10,7,3,[5, 5, 4, 4, 3, 4, 5],[6, 1, 6]
415,10,7,3,[4, 3, 3, 3, 3, 3, 3],[1, 5, 6]
416,10,6,4,[3, 4, 3, 4, 3, 3],[2, 5, 1, 5]
417,10,7,3,[4, 5, 4, 6, 4, 5, 6],[7, 7, 2]
418,10,4,6,[6, 5, 4, 6],[3, 7, 3, 3, 3, 7]
419,10,5,5,[6, 6, 6, 6, 6],[5, 7, 5, 5, 7]
421,10,8,2,[3, 3, 3, 4, 2, 2, 4, 4],[1, 6]
422,10,9,1,[7, 6, 6, 7, 6, 7, 7, 7, 6],[9]
423,10,7,3,[4, 3, 3, 3, 4, 4, 4],[1, 5, 5]
424,10,9,1,[3, 3, 4, 3, 3, 4, 3, 3, 4],[7]
425,10,9,1,[6, 7, 8, 7, 6, 8, 7, 6, 6],[9]
426,10,7,3,[6, 5, 6, 5, 6, 4, 4],[7, 2, 3]
427,10,8,2,[3, 3, 2, 3, 4, 3, 3, 3],[1, 5]
428,10,8,2,[5, 5, 5, 5, 5, 5, 5, 5],[6, 7]
429,10,6,4,[6, 6, 7, 6, 6, 7],[9, 5, 5, 5]
430,10,5,5,[3, 3, 3, 3, 3],[2, 1, 4, 4, 4]
431,10,9,1,[6, 5, 7, 6, 7, 7, 7, 5, 7],[1]
432,10,8,2,[4, 3, 3, 3, 4, 4, 4, 4],[5, 2]
433,10,5,5,[3, 2, 3, 3, 2],[1, 4, 1, 4, 4]
434,10,6,4,[4, 3, 3, 3, 4, 4],[6, 7, 1, 6]
435,10,6,4,[3, 4, 3, 4, 3, 4],[2, 5, 1, 6]
436,10,8,2,[4, 4, 3, 3, 3, 4, 4, 3],[5, 6]
437,10,6,4,[3, 3, 4, 3, 3, 4],[5, 5, 6, 2]
438,10,6,4,[5, 5, 6, 6, 6, 6],[7, 7, 4, 4]
439,10,5,5,[6, 5, 4, 5, 5],[8, 7, 3, 7, 2]
440,10,8,2,[3, 4, 4, 5, 3, 4, 5, 4],[1, 6]
441,10,9,1,[4, 2, 4, 3, 4, 2, 3, 4, 3],[1]
442,10,9,1,[4, 3, 5, 3, 5, 3, 4, 3, 4],[7]
443,10,6,4,[5, 4, 5, 5, 5, 5],[3, 3, 3, 3]
444,10,6,4,[5, 4, 5, 5, 5, 4],[3, 7, 3, 7]
445,10,8,2,[5, 6, 6, 5, 6, 5, 5, 6],[7, 4]
446,10,5,5,[3, 3, 3, 3, 4],[5, 5, 1, 5, 5]
447,10,8,2,[5, 7, 6, 5, 5, 6, 5, 7],[9, 4]
448,10,7,3,[3, 4, 3, 4, 6, 4, 5],[7, 2, 7]
449,10,5,5,[2, 2, 3, 2, 3],[5, 4, 1, 4, 1]
450,10,8,2,[4, 4, 3, 3, 4, 4, 3, 3],[1, 5]
451,10,6,4,[6, 5, 5, 6, 5, 5],[7, 4, 4, 8]
452,10,8,2,[2, 3, 3, 3, 2, 3, 3, 3],[1, 7]
453,10,8,2,[7, 5, 5, 5, 6, 6, 7, 5],[9, 9]
454,10,6,4,[5, 4, 4, 4, 5, 5],[3, 6, 3, 3]
455,10,8,2,[4, 6, 6, 4, 5, 5, 6, 5],[3, 9]
456,10,6,4,[4, 4, 4, 4, 4, 4],[5, 3, 5, 5]
457,10,8,2,[6, 6, 6, 5, 5, 6, 5, 5],[8, 9]
458,10,9,1,[7, 8, 7, 8, 7, 7, 8, 6, 8],[1]
459,10,7,3,[5, 4, 5, 4, 4, 5, 4],[3, 7, 6]
460,10,8,2,[6, 4, 5, 5, 5, 4, 5, 4],[7, 9]
461,10,8,2,[7, 6, 6, 5, 6, 6, 5, 5],[9, 3]
463,10,6,4,[5, 5, 6, 5, 5, 5],[7, 4, 3, 7]
464,10,9,1,[3, 3, 3, 3, 3, 4, 4, 3, 3],[7]
465,10,8,2,[4, 5, 5, 4, 5, 4, 5, 5],[3, 6]
466,10,7,3,[4, 5, 4, 4, 5, 5, 5],[6, 2, 3]
467,10,5,5,[5, 4, 5, 4, 5],[3, 6, 3, 3, 6]
468,10,8,2,[5, 6, 6, 5, 5, 4, 4, 4],[8, 1]
469,10,8,2,[4, 3, 5, 4, 4, 4, 4, 2],[1, 9]
470,10,9,1,[2, 3, 3, 2, 3, 4, 3, 3, 3],[7]
471,10,6,4,[4, 4, 4, 4, 4, 4],[5, 5, 5, 3]
472,10,7,3,[6, 6, 4, 7, 7, 6, 5],[3, 9, 1]
473,10,8,2,[3, 3, 4, 3, 3, 3, 4, 3],[5, 2]
474,10,7,3,[4, 4, 3, 4, 3, 3, 3],[5, 2, 5]
475,10,7,3,[5, 5, 4, 5, 5, 4, 5],[2, 6, 2]
477,10,9,1,[4, 3, 2, 3, 4, 4, 3, 2, 4],[1]
478,10,7,3,[3, 3, 2, 4, 3, 3, 3],[1, 6, 5]
479,10,7,3,[5, 4, 4, 5, 5, 5, 3],[6, 6, 1]
480,10,6,4,[3, 3, 3, 3, 2, 3],[1, 1, 4, 4]
481,10,6,4,[5, 5, 6, 6, 6, 5],[8, 4, 4, 7]
482,10,7,3,[3, 3, 3, 2, 2, 3, 2],[5, 4, 1]
483,10,8,2,[5, 5, 5, 5, 5, 5, 5, 5],[4, 4]
484,10,6,4,[4, 4, 4, 4, 4, 4],[3, 3, 6, 3]
485,10,8,2,[5, 4, 5, 4, 6, 7, 7, 4],[9, 1]
486,10,8,2,[3, 4, 3, 4, 3, 3, 3, 3],[5, 5]
487,10,8,2,[3, 3, 4, 3, 4, 3, 4, 3],[5, 1]
488,10,7,3,[3, 3, 3, 3, 3, 3, 3],[4, 1, 4]
489,10,6,4,[3, 3, 3, 4, 3, 3],[5, 2, 5, 6]
490,10,6,4,[5, 5, 4, 5, 5, 5],[3, 3, 6, 7]
491,10,5,5,[4, 4, 4, 4, 4],[5, 3, 3, 5, 3]
493,10,6,4,[3, 3, 4, 3, 3, 3],[6, 5, 2, 5]
494,10,6,4,[5, 5, 5, 5, 6, 6],[7, 4, 4, 4]
495,10,7,3,[5, 5, 5, 4, 5, 5, 5],[3, 3, 7]
496,10,9,1,[4, 3, 3, 3, 3, 4, 3, 4, 3],[7]
497,10,7,3,[6, 4, 5, 4, 6, 5, 6],[1, 7, 3]
498,10,7,3,[5, 5, 5, 3, 3, 3, 5],[2, 6, 2]
499,10,7,3,[3, 4, 3, 4, 3, 3, 4],[2, 1, 6]
500,10,7,3,[4, 5, 5, 4, 5, 4, 4],[3, 3, 6]
501,10,8,2,[3, 5, 3, 3, 4, 3, 3, 5],[7, 2]
502,10,7,3,[5, 5, 5, 5, 5, 4, 5],[3, 3, 2]
503,10,6,4,[6, 4, 4, 4, 6, 6],[3, 3, 3, 7]
504,10,9,1,[5, 4, 4, 5, 4, 5, 5, 5, 5],[3]
505,10,8,2,[3, 6, 6, 6, 4, 5, 6, 3],[7, 1]
506,10,8,2,[5, 5, 5, 6, 5, 5, 4, 4],[7, 2]
507,10,5,5,[5, 5, 5, 5, 5],[4, 4, 4, 4, 6]
508,10,6,4,[6, 6, 6, 6, 6, 6],[5, 5, 7, 7]
509,10,7,3,[6, 6, 6, 6, 6, 6, 6],[7, 5, 5]
510,10,8,2,[5, 4, 5, 4, 4, 4, 4, 4],[3, 8]
511,10,8,2,[5, 3, 4, 3, 4, 5, 5, 3],[7, 1]
512,10,8,2,[5, 5, 5, 5, 5, 3, 4, 4],[8, 1]
513,10,7,3,[7, 7, 7, 5, 7, 7, 3],[2, 9, 1]
514,10,8,2,[6, 5, 6, 7, 7, 7, 7, 7],[2, 8]
515,10,7,3,[7, 7, 7, 7, 7, 7, 7],[8, 6, 8]
516,10,8,2,[6, 4, 6, 3, 6, 5, 3, 6],[1, 7]
517,10,8,2,[5, 5, 6, 5, 5, 5, 5, 7],[2, 9]
518,10,7,3,[4, 4, 4, 4, 5, 5, 5],[3, 6, 2]
519,10,6,4,[5, 5, 5, 4, 5, 5],[2, 1, 1, 6]
520,10,6,4,[5, 5, 4, 5, 5, 4],[3, 3, 3, 8]
521,10,7,3,[5, 5, 5, 5, 5, 5, 5],[4, 6, 4]
522,10,7,3,[5, 6, 4, 5, 5, 4, 4],[7, 3, 7]
523,10,9,1,[4, 4, 5, 3, 3, 5, 3, 3, 4],[7]
524,10,6,4,[6, 6, 5, 4, 6, 5],[8, 9, 3, 3]
525,10,8,2,[3, 3, 4, 4, 3, 3, 4, 4],[2, 1]
526,10,6,4,[4, 3, 5, 4, 3, 3],[6, 2, 2, 6]
528,10,8,2,[4, 5, 5, 5, 5, 5, 5, 5],[1, 3]
529,10,8,2,[5, 4, 5, 3, 3, 5, 4, 4],[1, 6]
530,10,8,2,[3, 3, 3, 4, 4, 3, 4, 3],[5, 5]
531,10,6,4,[4, 3, 3, 4, 3, 4],[2, 5, 5, 5]
532,10,7,3,[4, 3, 3, 4, 3, 4, 4],[1, 2, 5]
533,10,8,2,[5, 6, 3, 4, 3, 5, 6, 6],[7, 1]
535,10,6,4,[3, 4, 3, 4, 4, 3],[2, 5, 6, 1]
536,10,8,2,[7, 7, 7, 7, 7, 6, 6, 7],[5, 8]
537,10,6,4,[5, 4, 4, 4, 4, 4],[3, 6, 6, 6]
538,10,8,2,[6, 6, 5, 5, 6, 5, 6, 5],[7, 4]
539,10,7,3,[4, 4, 4, 4, 4, 4, 4],[5, 3, 3]
540,10,9,1,[3, 4, 3, 3, 4, 3, 4, 3, 3],[5]
541,10,7,3,[3, 3, 3, 4, 3, 3, 3],[5, 5, 5]
543,10,6,4,[6, 7, 7, 7, 6, 7],[5, 5, 8, 4]
544,10,6,4,[3, 4, 3, 3, 4, 4],[5, 5, 5, 2]
545,10,7,3,[4, 3, 4, 4, 3, 3, 3],[6, 2, 1]
546,10,7,3,[5, 6, 6, 6, 7, 7, 4],[3, 3, 8]
547,10,7,3,[3, 3, 3, 3, 3, 3, 3],[1, 4, 4]
548,10,8,2,[3, 4, 3, 2, 3, 2, 3, 2],[7, 1]
549,10,8,2,[4, 2, 3, 3, 4, 3, 4, 6],[1, 9]
550,10,7,3,[5, 5, 5, 5, 5, 5, 5],[7, 4, 6]
551,10,4,6,[5, 5, 5, 5],[6, 4, 6, 4, 4, 4]
552,10,8,2,[5, 5, 6, 5, 5, 5, 7, 6],[8, 8]
553,10,8,2,[5, 3, 5, 5, 4, 3, 6, 3],[9, 1]
554,10,8,2,[4, 3, 3, 3, 4, 3, 3, 4],[2, 7]
555,10,8,2,[6, 5, 5, 5, 5, 5, 5, 6],[7, 7]
556,10,8,2,[3, 2, 3, 3, 3, 2, 4, 2],[6, 1]
557,10,9,1,[4, 4, 5, 5, 6, 5, 5, 5, 5],[9]
558,10,4,6,[5, 5, 5, 5],[4, 4, 6, 4, 6, 4]
559,10,8,2,[4, 5, 6, 7, 5, 5, 6, 4],[9, 3]
560,10,8,2,[3, 2, 2, 2, 3, 2, 3, 3],[5, 6]
561,10,7,3,[4, 4, 4, 4, 4, 4, 4],[5, 3, 3]
562,10,8,2,[4, 5, 5, 5, 4, 5, 5, 5],[3, 3]
564,10,8,2,[5, 5, 6, 6, 5, 7, 6, 5],[9, 4]
565,10,4,6,[6, 6, 6, 6],[5, 5, 7, 7, 7, 5]
566,10,7,3,[5, 5, 4, 5, 6, 6, 5],[3, 2, 9]
567,10,7,3,[7, 7, 7, 7, 8, 7, 8],[9, 6, 6]
568,10,7,3,[6, 6, 6, 6, 6, 6, 6],[5, 7, 8]
569,10,6,4,[3, 4, 5, 4, 3, 4],[2, 7, 1, 7]
570,10,7,3,[3, 3, 3, 4, 3, 3, 3],[6, 5, 5]
571,10,6,4,[6, 4, 4, 4, 4, 4],[7, 3, 7, 7]
572,10,9,1,[3, 3, 3, 2, 2, 2, 2, 3, 2],[4]
573,10,7,3,[5, 4, 5, 5, 5, 4, 5],[3, 3, 3]
574,10,9,1,[3, 3, 3, 1, 1, 1, 1, 3, 1],[4]
575,10,6,4,[6, 5, 5, 6, 5, 6],[7, 7, 4, 7]
576,10,5,5,[4, 3, 3, 4, 3],[5, 1, 1, 5, 1]
577,10,6,4,[3, 3, 3, 3, 3, 3],[2, 4, 2, 4]
578,10,8,2,[6, 6, 6, 6, 7, 6, 7, 6],[9, 9]
579,10,9,1,[4, 4, 3, 3, 4, 4, 3, 3, 3],[5]
580,10,7,3,[7, 6, 6, 6, 7, 7, 6],[9, 8, 5]
581,10,7,3,[7, 7, 7, 7, 7, 7, 7],[6, 6, 6]
582,10,8,2,[4, 4, 3, 4, 3, 3, 3, 4],[6, 2]
583,10,5,5,[3, 4, 3, 4, 3],[2, 5, 5, 5, 2]
584,10,4,6,[7, 7, 7, 7],[6, 6, 6, 8, 8, 6]
585,10,6,4,[3, 4, 6, 3, 4, 5],[7, 7, 1, 7]
586,10,9,1,[6, 6, 7, 7, 5, 7, 7, 7, 6],[1]
587,10,7,3,[7, 6, 6, 7, 7, 7, 7],[4, 8, 8]
588,10,6,4,[7, 7, 7, 7, 7, 7],[6, 6, 6, 6]
589,10,8,2,[7, 6, 6, 7, 6, 6, 6, 7],[5, 8]
590,10,4,6,[6, 6, 7, 6],[8, 5, 9, 5, 5, 8]
591,10,7,3,[3, 3, 3, 2, 4, 2, 3],[7, 1, 1]
592,10,6,4,[2, 3, 3, 3, 3, 3],[1, 1, 4, 1]
593,10,7,3,[6, 7, 6, 8, 6, 7, 6],[9, 9, 5]
594,10,9,1,[6, 6, 5, 5, 6, 6, 5, 6, 5],[4]
595,10,7,3,[4, 5, 6, 5, 5, 4, 5],[3, 7, 7]
596,10,8,2,[6, 7, 7, 6, 6, 6, 7, 7],[9, 5]
597,10,8,2,[6, 5, 6, 6, 6, 5, 6, 6],[4, 7]
598,10,8,2,[6, 6, 5, 6, 7, 8, 7, 6],[9, 1]
599,10,8,2,[7, 7, 6, 6, 6, 7, 6, 7],[2, 8]
600,10,6,4,[3, 3, 3, 3, 3, 3],[6, 6, 6, 2]
601,10,4,6,[5, 5, 5, 5],[6, 6, 4, 6, 4, 6]
602,10,4,6,[7, 7, 7, 7],[6, 6, 9, 9, 9, 6]
603,10,8,2,[7, 5, 7, 6, 6, 7, 7, 6],[3, 9]
604,10,9,1,[6, 5, 5, 6, 5, 5, 6, 5, 6],[7]
605,10,5,5,[6, 6, 6, 6, 6],[7, 5, 7, 5, 7]
606,10,5,5,[4, 4, 4, 4, 4],[3, 3, 6, 3, 5]
607,10,8,2,[3, 2, 3, 3, 2, 3, 5, 3],[1, 8]
608,10,7,3,[4, 3, 4, 4, 4, 3, 4],[1, 1, 1]
609,10,5,5,[7, 7, 7, 7, 7],[6, 6, 6, 8, 6]
610,10,6,4,[7, 7, 7, 7, 7, 7],[8, 6, 6, 9]
611,10,6,4,[6, 7, 7, 6, 6, 7],[5, 5, 5, 8]
612,10,6,4,[4, 5, 4, 4, 3, 4],[1, 6, 2, 7]
613,10,8,2,[3, 4, 3, 3, 3, 3, 3, 4],[6, 1]
614,10,8,2,[5, 4, 4, 5, 5, 5, 4, 4],[7, 3]
615,10,8,2,[3, 3, 2, 2, 3, 3, 3, 3],[4, 1]
616,10,9,1,[7, 7, 5, 7, 7, 7, 6, 6, 6],[3]
617,10,8,2,[5, 5, 5, 4, 5, 4, 5, 4],[1, 6]
618,10,9,1,[6, 7, 5, 7, 7, 6, 6, 6, 7],[3]
619,10,6,4,[4, 5, 4, 4, 5, 5],[3, 7, 3, 3]
620,10,5,5,[5, 5, 5, 5, 5],[4, 6, 6, 6, 6]
621,10,7,3,[6, 6, 7, 6, 7, 6, 7],[5, 8, 8]
622,10,8,2,[6, 6, 6, 6, 7, 6, 6, 5],[9, 1]
623,10,8,2,[6, 7, 7, 7, 7, 7, 6, 7],[8, 4]
624,10,8,2,[7, 7, 6, 7, 6, 7, 7, 6],[5, 9]
625,10,6,4,[3, 3, 3, 3, 2, 3],[4, 1, 1, 1]
626,10,6,4,[4, 4, 3, 3, 3, 3],[2, 2, 5, 2]
627,10,7,3,[3, 3, 3, 3, 3, 4, 3],[1, 5, 1]
628,10,6,4,[3, 3, 3, 3, 3, 3],[2, 2, 4, 2]
629,10,9,1,[4, 4, 4, 3, 3, 3, 4, 4, 3],[7]
632,10,8,2,[7, 7, 6, 7, 6, 6, 7, 6],[3, 4]
633,10,8,2,[4, 3, 3, 4, 3, 4, 4, 3],[6, 5]
634,10,5,5,[3, 3, 3, 3, 3],[1, 4, 4, 1, 4]
635,10,7,3,[6, 6, 7, 7, 6, 7, 7],[8, 8, 3]
636,10,6,4,[7, 7, 8, 8, 7, 7],[9, 5, 9, 5]
637,10,6,4,[5, 5, 5, 5, 5, 5],[6, 4, 4, 6]
638,10,6,4,[5, 4, 5, 5, 5, 4],[6, 6, 3, 6]
639,10,9,1,[2, 2, 3, 3, 2, 3, 3, 3, 3],[7]
640,10,7,3,[3, 3, 4, 3, 3, 4, 4],[5, 2, 5]
641,10,9,1,[6, 7, 7, 7, 7, 7, 7, 7, 7],[4]
642,10,6,4,[7, 7, 7, 7, 7, 7],[8, 6, 8, 8]
643,10,7,3,[3, 3, 3, 3, 3, 3, 3],[2, 2, 4]
644,10,9,1,[4, 3, 3, 4, 5, 3, 3, 3, 4],[7]
645,10,7,3,[4, 3, 3, 4, 4, 4, 4],[7, 2, 6]
646,10,5,5,[5, 5, 5, 6, 5],[7, 7, 7, 7, 4]
647,10,8,2,[6, 7, 6, 7, 6, 7, 6, 7],[4, 5]
648,10,7,3,[4, 3, 3, 3, 4, 3, 4],[2, 5, 6]
649,10,8,2,[7, 7, 8, 7, 6, 8, 6, 7],[5, 9]
650,10,8,2,[4, 3, 4, 3, 4, 3, 3, 4],[6, 2]
651,10,8,2,[7, 7, 7, 7, 7, 7, 7, 7],[6, 8]
652,10,5,5,[2, 2, 2, 2, 2],[3, 1, 3, 1, 3]
653,10,8,2,[3, 5, 4, 3, 3, 5, 4, 4],[2, 8]
654,10,8,2,[6, 3, 5, 6, 5, 3, 3, 6],[9, 2]
655,10,7,3,[5, 5, 4, 5, 5, 4, 4],[7, 8, 2]
656,10,9,1,[7, 7, 5, 6, 7, 5, 6, 7, 5],[3]
657,10,7,3,[7, 7, 7, 7, 7, 7, 7],[6, 6, 6]
658,10,8,2,[7, 6, 6, 6, 7, 7, 8, 6],[9, 9]
659,10,8,2,[7, 7, 7, 6, 7, 6, 7, 7],[3, 8]
660,10,9,1,[4, 4, 3, 3, 3, 3, 4, 3, 3],[5]
661,10,8,2,[3, 3, 3, 3, 3, 3, 3, 3],[1, 5]
662,10,8,2,[3, 3, 3, 3, 3, 3, 3, 3],[2, 2]
663,10,4,6,[2, 2, 2, 2],[3, 1, 3, 3, 3, 1]
664,10,7,3,[3, 3, 3, 2, 3, 3, 3],[1, 1, 1]
665,10,6,4,[4, 3, 3, 3, 4, 2],[1, 6, 5, 1]
666,10,2,8,[4, 4],[3, 3, 3, 5, 5, 3, 5, 5]
667,10,5,5,[6, 6, 6, 6, 6],[7, 5, 7, 5, 7]
668,10,7,3,[3, 3, 3, 4, 4, 3, 4],[5, 5, 1]
669,10,7,3,[4, 4, 5, 4, 5, 4, 3],[6, 2, 1]
670,10,6,4,[6, 6, 6, 6, 6, 6],[7, 7, 7, 7]
671,10,9,1,[5, 5, 6, 7, 6, 6, 5, 7, 5],[8]
672,10,7,3,[3, 4, 3, 3, 3, 3, 4],[2, 6, 5]
673,10,8,2,[6, 7, 6, 7, 7, 7, 7, 6],[8, 4]
674,10,9,1,[6, 6, 7, 7, 6, 7, 6, 6, 7],[9]
675,10,8,2,[7, 7, 7, 8, 8, 6, 6, 7],[9, 5]
676,10,8,2,[2, 3, 2, 2, 3, 2, 4, 2],[6, 6]
677,10,8,2,[6, 6, 6, 6, 4, 4, 6, 6],[1, 7]
678,10,5,5,[6, 6, 6, 6, 6],[7, 4, 4, 7, 4]
679,10,7,3,[3, 3, 3, 3, 3, 3, 3],[4, 2, 2]
680,10,7,3,[3, 4, 3, 4, 2, 3, 3],[1, 1, 6]
681,10,7,3,[3, 2, 2, 3, 3, 3, 3],[1, 4, 4]
682,10,7,3,[3, 4, 4, 3, 4, 3, 3],[1, 6, 5]
683,10,7,3,[7, 7, 6, 7, 6, 6, 7],[5, 4, 9]
684,10,9,1,[6, 6, 5, 5, 6, 5, 5, 6, 6],[8]
685,10,9,1,[7, 7, 6, 7, 7, 6, 6, 6, 7],[9]
686,10,7,3,[4, 3, 3, 3, 3, 3, 3],[5, 5, 6]
687,10,8,2,[4, 2, 4, 2, 3, 2, 2, 3],[7, 1]
688,10,6,4,[4, 3, 5, 5, 3, 3],[6, 2, 2, 7]
689,10,8,2,[3, 4, 3, 3, 3, 5, 4, 4],[7, 2]
692,10,6,4,[6, 7, 7, 7, 6, 7],[5, 8, 8, 5]
693,10,2,8,[3, 3],[2, 4, 4, 4, 4, 2, 2, 2]
694,10,5,5,[4, 4, 4, 4, 4],[3, 5, 3, 3, 3]
695,10,6,4,[7, 7, 7, 6, 6, 6],[5, 5, 9, 5]
696,10,6,4,[3, 3, 3, 3, 3, 3],[2, 2, 4, 4]
697,10,6,4,[3, 3, 4, 3, 4, 3],[2, 2, 5, 2]
698,10,6,4,[4, 3, 3, 3, 2, 2],[1, 6, 1, 1]
699,10,7,3,[3, 2, 3, 4, 2, 4, 3],[6, 1, 5]
700,10,8,2,[7, 6, 7, 7, 7, 7, 5, 6],[4, 4]
701,10,7,3,[8, 7, 7, 8, 8, 7, 7],[9, 9, 6]
702,10,6,4,[5, 5, 6, 6, 5, 5],[7, 7, 7, 4]
703,10,7,3,[6, 7, 5, 7, 6, 6, 5],[8, 2, 8]
704,10,7,3,[6, 6, 5, 6, 5, 6, 5],[4, 7, 7]
705,10,7,3,[4, 4, 5, 5, 5, 5, 5],[6, 6, 3]
706,10,9,1,[4, 6, 5, 6, 3, 3, 5, 6, 6],[1]
707,10,7,3,[7, 7, 7, 8, 5, 6, 7],[9, 1, 3]
708,10,7,3,[6, 7, 7, 7, 6, 7, 6],[8, 3, 8]
709,10,8,2,[5, 6, 5, 5, 5, 5, 6, 5],[7, 7]
710,10,8,2,[7, 7, 6, 6, 7, 6, 7, 6],[5, 9]
711,10,7,3,[5, 5, 5, 5, 6, 5, 5],[7, 4, 7]
712,10,8,2,[4, 3, 3, 3, 4, 4, 3, 4],[5, 6]
713,10,7,3,[6, 6, 7, 6, 7, 6, 6],[5, 8, 5]
714,10,7,3,[6, 6, 6, 7, 7, 6, 7],[4, 8, 3]
715,10,7,3,[6, 7, 6, 7, 7, 7, 7],[5, 8, 5]
716,10,8,2,[7, 7, 8, 7, 6, 6, 7, 7],[9, 4]
717,10,5,5,[6, 6, 6, 6, 6],[5, 7, 7, 5, 7]
718,10,7,3,[7, 7, 7, 6, 7, 7, 7],[8, 5, 4]
719,10,6,4,[8, 7, 8, 6, 6, 6],[9, 9, 9, 5]
720,10,8,2,[6, 6, 6, 7, 7, 7, 6, 7],[3, 1]
721,10,6,4,[3, 3, 3, 3, 3, 3],[2, 4, 4, 1]
722,10,6,4,[3, 3, 4, 3, 3, 3],[2, 2, 5, 7]
723,10,8,2,[5, 5, 5, 5, 5, 5, 5, 5],[4, 3]
724,10,8,2,[6, 3, 5, 5, 5, 5, 5, 4],[9, 1]
725,10,4,6,[5, 6, 5, 6],[4, 4, 3, 7, 7, 7]
726,10,5,5,[7, 7, 7, 7, 7],[6, 8, 8, 8, 6]
728,10,7,3,[3, 4, 5, 3, 5, 4, 4],[6, 1, 1]
729,10,5,5,[3, 3, 3, 3, 3],[1, 1, 5, 1, 7]
730,10,6,4,[5, 4, 5, 5, 5, 5],[3, 7, 3, 6]
731,10,9,1,[5, 5, 6, 7, 5, 6, 7, 7, 5],[1]
732,10,6,4,[5, 4, 4, 5, 4, 4],[7, 2, 2, 2]
733,10,5,5,[7, 6, 7, 7, 7],[5, 8, 4, 5, 8]
734,10,7,3,[3, 3, 2, 2, 3, 3, 2],[1, 4, 4]
735,10,9,1,[3, 3, 3, 3, 3, 3, 3, 3, 3],[1]
736,10,8,2,[4, 3, 3, 3, 3, 3, 4, 4],[1, 5]
737,10,7,3,[3, 3, 4, 3, 4, 4, 4],[5, 2, 2]
738,10,8,2,[7, 7, 7, 6, 6, 6, 7, 7],[8, 2]
739,10,5,5,[6, 6, 6, 6, 6],[7, 7, 5, 4, 7]
740,10,7,3,[3, 3, 3, 3, 3, 3, 3],[2, 1, 4]
741,10,5,5,[3, 3, 2, 3, 3],[4, 4, 1, 4, 1]
742,10,6,4,[4, 4, 4, 4, 5, 5],[3, 6, 6, 3]
743,10,7,3,[7, 7, 7, 6, 6, 6, 6],[9, 4, 3]
744,10,9,1,[4, 4, 3, 4, 2, 3, 2, 3, 4],[1]
745,10,7,3,[3, 3, 3, 3, 3, 3, 3],[4, 4, 4]
747,10,7,3,[2, 2, 2, 3, 3, 2, 2],[4, 1, 1]
748,10,6,4,[4, 4, 4, 4, 4, 4],[3, 3, 3, 3]
749,10,3,7,[4, 4, 4],[3, 3, 5, 5, 3, 5, 3]
750,10,7,3,[3, 3, 4, 3, 3, 3, 3],[5, 2, 5]
751,10,7,3,[7, 8, 8, 8, 7, 8, 7],[9, 6, 6]
752,10,8,2,[5, 4, 6, 6, 4, 5, 6, 6],[3, 8]
753,10,8,2,[7, 8, 6, 7, 7, 7, 6, 7],[4, 9]
754,10,7,3,[7, 6, 6, 7, 7, 6, 6],[8, 5, 5]
755,10,8,2,[7, 7, 8, 7, 7, 8, 7, 7],[3, 9]
756,10,7,3,[7, 7, 7, 7, 7, 7, 6],[9, 5, 9]
757,10,5,5,[6, 6, 6, 6, 6],[7, 5, 7, 7, 7]
758,10,8,2,[4, 4, 3, 4, 4, 4, 3, 4],[1, 2]
759,10,8,2,[5, 6, 5, 5, 5, 5, 5, 5],[4, 9]
760,10,4,6,[3, 3, 3, 3],[2, 4, 4, 2, 2, 4]
761,10,5,5,[4, 3, 3, 4, 3],[5, 5, 5, 5, 2]
762,10,7,3,[3, 3, 3, 3, 3, 3, 3],[1, 4, 2]
763,10,4,6,[3, 3, 3, 3],[4, 2, 4, 4, 4, 2]
764,10,8,2,[3, 3, 4, 4, 3, 4, 4, 3],[2, 1]
765,10,5,5,[7, 7, 7, 7, 7],[8, 6, 8, 6, 6]
766,10,9,1,[6, 7, 7, 7, 7, 6, 6, 7, 6],[1]
767,10,8,2,[4, 3, 4, 4, 4, 3, 4, 3],[5, 2]
768,10,9,1,[5, 4, 5, 4, 5, 5, 4, 3, 5],[1]
769,10,8,2,[7, 7, 7, 7, 7, 7, 7, 7],[8, 8]
771,10,9,1,[6, 7, 5, 6, 7, 6, 7, 7, 6],[3]
772,10,8,2,[3, 3, 2, 2, 2, 3, 2, 3],[4, 5]
773,10,7,3,[4, 3, 4, 3, 3, 4, 3],[6, 2, 2]
774,10,3,7,[6, 6, 6],[7, 7, 5, 5, 7, 7, 5]
775,10,8,2,[6, 8, 6, 7, 5, 6, 6, 7],[1, 9]
776,10,8,2,[4, 3, 3, 4, 3, 3, 3, 4],[5, 6]
777,10,4,6,[5, 5, 4, 4],[7, 6, 6, 3, 3, 3]
778,10,6,4,[7, 7, 7, 7, 7, 7],[9, 6, 6, 6]
779,10,8,2,[6, 7, 6, 7, 7, 7, 7, 6],[9, 4]
780,10,7,3,[7, 7, 7, 7, 7, 7, 7],[6, 6, 6]
781,10,8,2,[7, 7, 7, 7, 6, 7, 6, 6],[2, 8]
782,10,6,4,[3, 3, 5, 4, 3, 5],[2, 8, 7, 7]
783,10,7,3,[3, 4, 4, 2, 4, 2, 3],[1, 1, 6]
784,10,7,3,[3, 3, 3, 3, 3, 3, 3],[4, 4, 2]
785,10,7,3,[3, 3, 3, 3, 2, 3, 3],[1, 1, 1]
786,10,8,2,[6, 7, 7, 6, 7, 7, 7, 7],[2, 4]
787,10,8,2,[7, 6, 6, 6, 6, 7, 7, 7],[8, 1]
788,10,8,2,[6, 6, 7, 6, 7, 6, 7, 7],[5, 8]
789,10,9,1,[3, 3, 2, 3, 2, 3, 3, 2, 3],[6]
790,10,7,3,[2, 3, 3, 3, 3, 3, 3],[1, 1, 4]
791,10,8,2,[3, 3, 3, 3, 2, 2, 2, 2],[1, 6]
792,10,5,5,[3, 3, 3, 3, 3],[2, 4, 4, 2, 4]
793,10,6,4,[3, 3, 3, 3, 3, 3],[4, 4, 4, 4]
794,10,5,5,[4, 3, 3, 3, 4],[5, 6, 2, 5, 2]
795,10,9,1,[5, 6, 5, 6, 6, 5, 6, 5, 5],[7]
796,10,7,3,[3, 4, 3, 3, 3, 3, 3],[2, 5, 5]
797,10,9,1,[6, 6, 7, 7, 7, 6, 6, 6, 7],[3]
798,10,10,0,[3, 3, 2, 3, 2, 2, 2, 3, 2, 3],[]
800,10,7,3,[3, 3, 3, 3, 3, 3, 3],[4, 2, 2]
801,10,8,2,[3, 3, 3, 3, 3, 3, 3, 3],[6, 1]
802,10,7,3,[3, 3, 3, 3, 3, 3, 3],[1, 1, 7]
803,10,8,2,[3, 4, 3, 4, 3, 4, 3, 3],[5, 1]
804,10,7,3,[3, 2, 3, 3, 2, 3, 2],[4, 4, 1]
805,10,5,5,[3, 3, 3, 3, 3],[1, 4, 4, 4, 2]
806,10,5,5,[2, 2, 2, 2, 2],[3, 3, 3, 1, 3]
807,10,8,2,[4, 3, 4, 4, 4, 4, 3, 3],[1, 5]
808,10,7,3,[5, 5, 5, 5, 5, 5, 5],[7, 4, 6]
809,10,6,4,[3, 3, 2, 2, 3, 4],[1, 1, 6, 1]
810,10,7,3,[3, 3, 3, 3, 3, 3, 3],[2, 2, 2]
811,10,4,6,[3, 2, 3, 3],[1, 4, 4, 1, 1, 4]
812,10,9,1,[6, 6, 6, 7, 7, 7, 6, 6, 7],[8]
813,10,8,2,[6, 5, 5, 5, 6, 5, 4, 6],[7, 1]
814,10,6,4,[4, 4, 4, 4, 4, 4],[6, 3, 3, 6]
815,10,9,1,[4, 4, 3, 3, 3, 4, 4, 4, 3],[1]
816,10,8,2,[4, 7, 5, 3, 4, 6, 7, 3],[9, 2]
817,10,7,3,[5, 5, 5, 5, 5, 4, 4],[3, 6, 6]
818,10,3,7,[2, 2, 2],[1, 3, 1, 1, 3, 3, 3]
819,10,6,4,[4, 4, 4, 4, 4, 4],[5, 3, 3, 5]
820,10,8,2,[5, 5, 5, 6, 6, 5, 6, 6],[1, 7]
821,10,4,6,[6, 6, 6, 6],[7, 7, 7, 5, 5, 7]
822,10,6,4,[7, 5, 5, 6, 7, 4],[9, 3, 3, 8]
823,10,7,3,[4, 4, 4, 4, 3, 3, 4],[8, 2, 2]
824,10,6,4,[4, 5, 5, 5, 4, 5],[6, 3, 3, 3]
825,10,6,4,[5, 5, 5, 5, 5, 5],[4, 4, 6, 4]
826,10,7,3,[3, 3, 3, 4, 3, 4, 4],[6, 1, 5]
827,10,7,3,[2, 4, 3, 4, 3, 3, 3],[1, 1, 5]
829,10,5,5,[4, 4, 4, 4, 4],[5, 5, 3, 5, 5]
830,10,7,3,[5, 6, 5, 6, 6, 6, 5],[4, 7, 7]
831,10,7,3,[6, 5, 6, 5, 6, 5, 5],[4, 7, 3]
832,10,7,3,[6, 7, 7, 6, 7, 6, 6],[5, 9, 8]
833,10,7,3,[3, 4, 2, 4, 3, 4, 3],[7, 1, 1]
834,10,6,4,[4, 4, 4, 4, 4, 4],[3, 5, 3, 3]
835,10,8,2,[4, 4, 5, 5, 5, 4, 4, 6],[8, 7]
836,10,4,6,[6, 6, 6, 6],[7, 5, 5, 5, 5, 7]
837,10,8,2,[8, 7, 7, 7, 7, 8, 7, 7],[9, 5]
838,10,7,3,[3, 3, 3, 3, 3, 3, 3],[4, 4, 4]
840,10,6,4,[6, 5, 6, 5, 5, 5],[8, 4, 7, 4]
841,10,6,4,[4, 3, 3, 4, 3, 3],[1, 5, 5, 2]
842,10,6,4,[3, 3, 3, 3, 3, 3],[2, 5, 4, 2]
843,10,10,0,[4, 4, 4, 3, 3, 3, 4, 3, 4, 3],[]
844,10,7,3,[2, 4, 3, 3, 3, 3, 3],[1, 1, 6]
845,10,8,2,[5, 3, 3, 4, 4, 4, 3, 5],[6, 2]
846,10,8,2,[7, 7, 7, 7, 7, 7, 7, 7],[8, 6]
847,10,10,0,[7, 7, 6, 6, 6, 7, 6, 6, 7, 7],[]
848,10,7,3,[6, 7, 7, 5, 6, 5, 7],[3, 9, 8]
849,10,8,2,[3, 3, 3, 4, 4, 2, 3, 4],[7, 1]
850,10,6,4,[2, 2, 3, 2, 2, 3],[4, 1, 1, 1]
851,10,4,6,[2, 2, 2, 2],[1, 3, 1, 3, 3, 1]
852,10,7,3,[6, 6, 7, 6, 6, 6, 5],[4, 9, 8]
853,10,8,2,[8, 6, 8, 8, 7, 7, 7, 7],[4, 3]
854,10,7,3,[6, 6, 6, 5, 7, 5, 7],[4, 9, 4]
855,10,7,3,[7, 7, 7, 7, 7, 7, 7],[6, 6, 8]
856,10,9,1,[6, 7, 6, 6, 7, 7, 7, 7, 6],[9]
857,10,8,2,[7, 7, 7, 6, 7, 7, 8, 7],[4, 9]
858,10,7,3,[4, 6, 4, 5, 6, 4, 5],[3, 7, 7]
859,10,7,3,[3, 3, 3, 3, 3, 3, 3],[1, 1, 1]
860,10,7,3,[3, 5, 5, 5, 5, 3, 3],[1, 1, 9]
861,10,8,2,[5, 6, 5, 5, 5, 5, 5, 5],[9, 3]
862,10,5,5,[2, 2, 2, 2, 2],[3, 1, 3, 1, 1]
863,10,9,1,[3, 5, 3, 4, 3, 4, 5, 5, 6],[9]
864,10,8,2,[7, 6, 7, 7, 5, 7, 6, 7],[8, 1]
865,10,8,2,[4, 4, 4, 3, 3, 3, 3, 3],[1, 5]
866,10,3,7,[2, 2, 2],[3, 3, 1, 1, 3, 3, 1]
867,10,7,3,[5, 4, 5, 3, 4, 3, 3],[6, 6, 2]
868,10,6,4,[3, 2, 3, 2, 2, 3],[5, 1, 1, 4]
869,10,8,2,[3, 3, 3, 2, 3, 3, 2, 2],[1, 1]
871,10,7,3,[3, 4, 3, 4, 3, 3, 3],[2, 5, 2]
872,10,9,1,[7, 7, 7, 7, 6, 6, 7, 7, 7],[5]
874,10,7,3,[3, 3, 3, 3, 3, 3, 3],[2, 4, 4]
875,10,8,2,[7, 8, 7, 7, 8, 7, 7, 7],[9, 5]
876,10,9,1,[6, 7, 6, 7, 7, 7, 6, 6, 7],[5]
877,10,7,3,[7, 7, 7, 6, 7, 6, 7],[5, 5, 8]
878,10,7,3,[5, 7, 5, 7, 7, 5, 7],[4, 9, 9]
879,10,9,1,[3, 3, 3, 4, 4, 4, 3, 3, 3],[5]
881,10,8,2,[6, 5, 5, 5, 6, 5, 7, 5],[9, 3]
882,10,5,5,[7, 7, 7, 7, 7],[9, 6, 6, 6, 9]
883,10,9,1,[7, 7, 6, 7, 7, 6, 6, 7, 7],[5]
884,10,8,2,[7, 6, 6, 7, 6, 7, 6, 6],[9, 8]
885,10,9,1,[7, 6, 6, 7, 6, 7, 7, 6, 7],[9]
886,10,4,6,[6, 6, 6, 6],[5, 5, 5, 5, 7, 7]
887,10,7,3,[4, 4, 4, 4, 4, 4, 4],[3, 7, 3]
888,10,7,3,[4, 4, 3, 3, 3, 3, 3],[5, 5, 5]
889,10,8,2,[6, 5, 6, 6, 5, 5, 5, 5],[7, 7]
890,10,9,1,[6, 7, 7, 6, 6, 5, 6, 7, 6],[1]
891,10,7,3,[3, 3, 3, 3, 3, 3, 3],[2, 1, 4]
892,10,7,3,[5, 6, 5, 6, 5, 5, 6],[7, 4, 4]
893,10,7,3,[6, 6, 7, 7, 7, 7, 6],[8, 5, 9]
894,10,8,2,[5, 6, 7, 6, 6, 5, 7, 7],[4, 9]
895,10,9,1,[7, 6, 7, 6, 6, 7, 5, 6, 7],[2]
896,10,7,3,[7, 7, 7, 8, 6, 7, 7],[1, 4, 9]
897,10,8,2,[7, 7, 7, 5, 6, 5, 5, 6],[9, 4]
898,10,10,0,[6, 7, 6, 7, 7, 6, 7, 6, 6, 7],[]
899,10,7,3,[8, 7, 7, 8, 8, 7, 7],[9, 6, 5]
900,10,7,3,[5, 6, 6, 5, 5, 6, 6],[4, 7, 7]
901,10,7,3,[6, 7, 7, 6, 6, 7, 6],[4, 5, 9]
902,10,7,3,[6, 8, 7, 7, 7, 7, 7],[4, 3, 9]
903,10,8,2,[7, 6, 6, 6, 7, 6, 7, 7],[5, 4]
904,10,7,3,[5, 6, 5, 5, 6, 5, 5],[7, 4, 4]
905,10,7,3,[6, 7, 5, 6, 7, 6, 6],[9, 9, 4]
906,10,9,1,[5, 6, 5, 5, 6, 6, 6, 6, 6],[4]
907,10,8,2,[7, 6, 6, 6, 6, 6, 6, 6],[5, 9]
908,10,8,2,[3, 3, 6, 3, 3, 4, 5, 5],[9, 7]
909,10,9,1,[3, 3, 2, 3, 2, 2, 3, 4, 3],[6]
910,10,7,3,[7, 6, 6, 6, 6, 7, 4],[3, 9, 3]
911,10,8,2,[5, 5, 5, 5, 5, 5, 5, 5],[7, 6]
912,10,8,2,[5, 6, 6, 7, 6, 5, 7, 6],[9, 1]
913,10,8,2,[7, 6, 5, 7, 8, 7, 7, 7],[1, 9]
914,10,3,7,[6, 6, 6],[7, 7, 5, 5, 5, 7, 7]
915,10,7,3,[6, 6, 7, 7, 7, 8, 7],[4, 1, 9]
916,10,6,4,[7, 7, 6, 6, 7, 7],[3, 8, 8, 4]
918,10,8,2,[8, 7, 6, 8, 8, 6, 8, 7],[4, 5]
919,10,6,4,[6, 5, 5, 6, 5, 5],[4, 4, 4, 7]
920,10,5,5,[7, 7, 7, 7, 7],[9, 6, 6, 6, 8]
921,10,6,4,[7, 7, 7, 7, 7, 7],[6, 6, 6, 6]
922,10,6,4,[6, 6, 6, 6, 6, 6],[7, 7, 7, 7]
923,10,7,3,[7, 5, 5, 6, 6, 6, 6],[3, 4, 9]
924,10,7,3,[6, 5, 5, 6, 6, 5, 6],[7, 7, 2]
925,10,5,5,[7, 6, 6, 7, 6],[9, 4, 3, 9, 4]
926,10,9,1,[6, 6, 6, 7, 6, 7, 6, 7, 6],[1]
927,10,7,3,[7, 7, 6, 7, 6, 7, 7],[5, 5, 5]
928,10,8,2,[5, 6, 5, 6, 5, 6, 5, 5],[7, 7]
929,10,8,2,[6, 6, 6, 6, 7, 7, 7, 7],[8, 9]
930,10,7,3,[5, 5, 6, 5, 5, 7, 5],[4, 9, 8]
931,10,7,3,[5, 4, 6, 4, 6, 6, 6],[2, 9, 2]
932,10,8,2,[7, 6, 6, 6, 7, 7, 6, 6],[8, 8]
933,10,7,3,[6, 6, 6, 6, 5, 6, 4],[3, 3, 7]
934,10,8,2,[6, 6, 6, 6, 6, 6, 6, 6],[8, 5]
935,10,9,1,[7, 6, 8, 6, 8, 7, 6, 6, 7],[1]
936,10,8,2,[7, 7, 7, 6, 6, 6, 7, 7],[8, 4]
937,10,7,3,[6, 7, 7, 7, 6, 6, 7],[4, 8, 8]
938,10,8,2,[3, 4, 3, 3, 4, 3, 3, 4],[2, 5]
940,10,9,1,[6, 6, 6, 7, 7, 6, 7, 6, 7],[9]
941,10,8,2,[6, 7, 6, 7, 5, 5, 6, 6],[9, 4]
942,10,6,4,[4, 3, 4, 4, 3, 4],[5, 1, 5, 5]
943,10,9,1,[7, 7, 7, 6, 6, 6, 7, 7, 6],[3]
944,10,7,3,[5, 5, 5, 5, 5, 5, 5],[6, 6, 3]
945,10,9,1,[5, 5, 5, 5, 5, 5, 5, 5, 5],[7]
946,10,6,4,[6, 6, 6, 7, 6, 7],[8, 5, 4, 9]
947,10,8,2,[5, 5, 5, 5, 5, 4, 4, 5],[7, 2]
948,10,6,4,[7, 7, 7, 7, 7, 7],[9, 6, 6, 6]
949,10,7,3,[7, 6, 6, 7, 7, 7, 6],[8, 4, 8]
950,10,8,2,[7, 6, 7, 6, 6, 6, 6, 6],[5, 9]
951,10,8,2,[7, 6, 7, 6, 7, 7, 6, 7],[5, 5]
952,10,9,1,[6, 5, 6, 5, 5, 5, 4, 5, 6],[1]
953,10,5,5,[5, 5, 5, 5, 5],[6, 3, 6, 6, 4]
954,10,8,2,[4, 5, 5, 4, 5, 5, 3, 5],[1, 6]
955,10,7,3,[4, 3, 4, 3, 3, 3, 5],[9, 1, 7]
956,10,7,3,[7, 7, 7, 7, 7, 7, 7],[5, 8, 6]
957,10,7,3,[7, 6, 7, 6, 7, 6, 6],[9, 5, 5]
958,10,5,5,[7, 7, 7, 7, 7],[6, 6, 8, 6, 6]
959,10,6,4,[6, 6, 5, 6, 6, 6],[7, 4, 7, 4]
960,10,9,1,[7, 6, 6, 6, 6, 7, 7, 6, 7],[9]
961,10,8,2,[5, 6, 6, 5, 5, 6, 6, 5],[2, 7]
962,10,7,3,[6, 6, 6, 6, 6, 6, 6],[7, 7, 7]
963,10,8,2,[6, 5, 6, 6, 6, 6, 6, 5],[3, 7]
964,10,8,2,[7, 7, 7, 7, 7, 7, 7, 7],[4, 9]
965,10,9,1,[4, 4, 4, 4, 3, 4, 3, 3, 4],[1]
966,10,8,2,[7, 6, 6, 6, 6, 6, 6, 6],[8, 8]
967,10,4,6,[5, 5, 5, 5],[6, 4, 4, 4, 6, 4]
968,10,8,2,[5, 4, 4, 4, 4, 5, 5, 4],[7, 3]
969,10,7,3,[3, 3, 3, 3, 2, 2, 3],[4, 4, 1]
970,10,7,3,[5, 5, 5, 6, 5, 6, 5],[3, 7, 1]
971,10,8,2,[6, 5, 6, 6, 5, 6, 6, 5],[4, 7]
972,10,6,4,[7, 7, 7, 7, 7, 7],[6, 6, 6, 6]
973,10,8,2,[4, 6, 5, 6, 6, 4, 6, 5],[1, 7]
974,10,5,5,[5, 6, 6, 6, 6],[3, 7, 4, 7, 7]
975,10,7,3,[4, 4, 5, 5, 4, 4, 3],[2, 7, 7]
976,10,6,4,[4, 4, 4, 4, 4, 4],[3, 3, 5, 3]
977,10,7,3,[6, 5, 5, 5, 5, 6, 5],[3, 4, 7]
978,10,7,3,[5, 5, 5, 5, 5, 5, 5],[4, 6, 7]
979,10,7,3,[5, 5, 5, 5, 6, 5, 5],[4, 7, 7]
980,10,8,2,[6, 6, 6, 7, 5, 6, 5, 5],[9, 9]
981,10,8,2,[5, 4, 5, 5, 5, 5, 5, 5],[1, 3]
982,10,6,4,[5, 5, 5, 5, 5, 5],[6, 6, 4, 6]
983,10,4,6,[4, 4, 4, 4],[5, 3, 3, 3, 3, 5]
984,10,9,1,[5, 5, 4, 5, 4, 5, 3, 3, 4],[1]
985,10,8,2,[5, 5, 5, 5, 5, 6, 5, 4],[1, 9]
987,10,8,2,[5, 5, 7, 5, 5, 5, 6, 6],[9, 9]
989,10,8,2,[2, 4, 2, 2, 2, 4, 3, 2],[8, 1]
991,10,7,3,[5, 6, 5, 5, 5, 5, 5],[8, 8, 3]
992,10,6,4,[6, 6, 6, 6, 6, 6],[5, 7, 7, 7]
993,10,9,1,[6, 4, 6, 7, 7, 6, 6, 4, 7],[1]
994,10,8,2,[7, 7, 6, 7, 6, 7, 7, 7],[8, 5]
995,10,6,4,[3, 4, 3, 4, 3, 4],[5, 5, 5, 1]
996,10,7,3,[7, 7, 7, 7, 7, 7, 7],[8, 8, 5]
997,10,7,3,[7, 6, 6, 6, 6, 6, 7],[4, 8, 8]
998,10,5,5,[4, 4, 4, 4, 4],[3, 3, 3, 5, 5]
1000,10,6,4,[6, 7, 7, 6, 7, 6],[8, 4, 4, 4]
1001,10,9,1,[7, 5, 5, 6, 5, 6, 7, 7, 6],[1]
1002,10,7,3,[5, 5, 5, 6, 6, 6, 6],[4, 4, 7]
1003,10,7,3,[6, 6, 6, 7, 7, 5, 6],[3, 1, 8]
1004,10,8,2,[3, 6, 4, 5, 5, 6, 3, 5],[1, 8]
1005,10,9,1,[7, 6, 6, 5, 6, 5, 5, 5, 5],[9]
1006,10,7,3,[3, 4, 4, 3, 4, 3, 3],[5, 2, 1]
1007,10,8,2,[6, 6, 5, 5, 6, 5, 5, 6],[7, 3]
1008,10,7,3,[5, 5, 5, 5, 5, 5, 5],[6, 4, 7]
1009,10,8,2,[4, 4, 3, 4, 4, 4, 3, 4],[5, 2]
1010,10,8,2,[6, 6, 6, 6, 6, 7, 6, 7],[5, 8]
1011,10,7,3,[7, 7, 7, 7, 7, 7, 7],[8, 8, 6]
1012,10,8,2,[6, 5, 5, 5, 5, 5, 5, 6],[9, 4]
1013,10,8,2,[6, 6, 7, 7, 6, 7, 7, 7],[5, 5]
1014,10,9,1,[6, 7, 6, 7, 6, 7, 7, 6, 7],[4]
1015,10,3,7,[7, 7, 7],[8, 6, 8, 6, 8, 6, 8]
1016,10,6,4,[6, 6, 6, 6, 6, 6],[7, 4, 5, 7]
1017,10,9,1,[7, 7, 6, 7, 5, 7, 7, 7, 7],[2]
1018,10,8,2,[6, 6, 7, 5, 7, 6, 5, 6],[4, 9]
1019,10,9,1,[7, 7, 7, 6, 5, 6, 5, 6, 7],[4]
1020,10,9,1,[7, 6, 6, 7, 7, 6, 7, 6, 6],[4]
1021,10,8,2,[3, 3, 2, 4, 3, 3, 3, 3],[1, 5]
1022,10,6,4,[7, 6, 6, 6, 7, 7],[5, 5, 9, 8]
1023,10,8,2,[5, 4, 5, 4, 5, 5, 4, 5],[3, 7]
1024,10,6,4,[6, 6, 6, 6, 6, 6],[7, 7, 7, 7]
1025,10,4,6,[6, 6, 6, 6],[7, 7, 7, 5, 7, 5]
1026,10,8,2,[7, 7, 7, 7, 7, 7, 7, 7],[9, 6]
1027,10,3,7,[6, 6, 6],[5, 7, 7, 5, 7, 7, 5]
1028,10,8,2,[7, 7, 6, 7, 7, 6, 7, 7],[2, 9]
1029,10,7,3,[7, 8, 7, 7, 7, 7, 7],[9, 6, 9]
1030,10,5,5,[6, 6, 5, 7, 6],[9, 3, 4, 9, 9]
1031,10,7,3,[4, 4, 5, 4, 4, 4, 4],[6, 6, 6]
1033,10,9,1,[5, 5, 5, 5, 5, 5, 6, 5, 6],[7]
1034,10,7,3,[6, 5, 5, 6, 6, 6, 5],[7, 4, 4]
1035,10,4,6,[6, 6, 6, 6],[5, 7, 7, 5, 5, 5]
1036,10,9,1,[7, 7, 6, 6, 6, 7, 6, 7, 6],[1]
1037,10,9,1,[7, 7, 7, 8, 7, 7, 6, 7, 6],[1]
1038,10,5,5,[7, 7, 7, 7, 7],[6, 6, 6, 6, 8]
1039,10,6,4,[5, 5, 6, 6, 6, 6],[7, 4, 7, 4]
1040,10,7,3,[7, 7, 7, 7, 6, 7, 7],[9, 2, 3]
1041,10,6,4,[5, 5, 4, 4, 5, 5],[6, 6, 6, 3]
1042,10,5,5,[6, 6, 6, 6, 6],[5, 5, 7, 7, 7]
1043,10,9,1,[6, 7, 7, 7, 7, 7, 6, 6, 7],[5]
1044,10,9,1,[6, 7, 7, 7, 7, 6, 7, 6, 6],[5]
1045,10,9,1,[7, 7, 7, 7, 8, 7, 7, 6, 6],[1]
1046,10,6,4,[6, 6, 6, 6, 6, 6],[7, 4, 7, 7]
1047,10,8,2,[7, 5, 7, 4, 6, 6, 6, 6],[1, 9]
1048,10,8,2,[6, 6, 7, 7, 7, 8, 7, 7],[4, 9]
1049,10,8,2,[5, 5, 5, 5, 5, 5, 5, 5],[7, 3]
1050,10,7,3,[6, 6, 4, 6, 4, 4, 4],[3, 8, 7]
1051,10,8,2,[6, 6, 7, 5, 7, 8, 6, 7],[1, 9]
1052,10,6,4,[3, 3, 3, 3, 3, 3],[1, 1, 4, 1]
1053,10,7,3,[3, 4, 3, 3, 4, 4, 3],[5, 1, 1]
1054,10,7,3,[4, 3, 4, 3, 4, 3, 3],[5, 2, 2]
1055,10,7,3,[7, 7, 6, 7, 7, 7, 6],[8, 5, 5]
1057,10,9,1,[5, 7, 6, 7, 6, 7, 4, 7, 6],[1]
1058,10,8,2,[6, 6, 6, 7, 7, 7, 6, 7],[5, 4]
1059,10,7,3,[6, 6, 5, 6, 6, 7, 6],[8, 8, 1]
1060,10,7,3,[7, 7, 6, 7, 7, 7, 7],[9, 1, 9]
1061,10,6,4,[4, 4, 3, 3, 3, 4],[5, 5, 2, 5]
1062,10,4,6,[5, 4, 4, 4],[6, 7, 3, 3, 3, 6]
1064,10,6,4,[7, 7, 7, 7, 7, 7],[6, 6, 6, 9]
1065,10,8,2,[7, 8, 6, 7, 6, 7, 8, 6],[3, 9]
1066,10,5,5,[5, 5, 5, 5, 5],[6, 3, 4, 6, 6]
1067,10,8,2,[7, 7, 8, 7, 8, 7, 7, 7],[9, 6]
1068,10,8,2,[6, 6, 7, 7, 5, 7, 6, 5],[8, 4]
1069,10,8,2,[6, 6, 6, 8, 6, 8, 8, 8],[1, 2]
1070,10,6,4,[7, 7, 7, 7, 7, 7],[6, 6, 6, 6]
1071,10,5,5,[7, 7, 7, 7, 7],[8, 6, 6, 8, 8]
1072,10,6,4,[6, 7, 7, 6, 6, 7],[5, 8, 5, 5]
1073,10,6,4,[5, 5, 5, 4, 4, 4],[3, 6, 6, 3]
1074,10,8,2,[2, 3, 3, 3, 2, 2, 2, 3],[1, 7]
1075,10,8,2,[2, 3, 2, 3, 3, 2, 3, 2],[4, 1]
1076,10,7,3,[7, 6, 6, 6, 7, 7, 7],[4, 5, 9]
1078,10,6,4,[5, 5, 5, 6, 6, 5],[4, 4, 8, 4]
1079,10,9,1,[4, 6, 4, 6, 6, 5, 5, 6, 5],[3]
1080,10,5,5,[7, 7, 7, 8, 7],[6, 6, 9, 6, 9]
1081,10,8,2,[7, 6, 7, 7, 6, 6, 7, 7],[5, 8]
1082,10,8,2,[3, 2, 4, 3, 5, 3, 5, 4],[9, 1]
1083,10,5,5,[6, 6, 5, 5, 5],[7, 3, 3, 7, 7]
1084,10,8,2,[6, 6, 5, 5, 5, 6, 5, 6],[9, 1]
1085,10,6,4,[5, 5, 5, 5, 5, 5],[6, 6, 6, 6]
1086,10,8,2,[5, 6, 6, 5, 5, 6, 5, 6],[3, 7]
1087,10,7,3,[5, 5, 4, 4, 4, 5, 5],[6, 6, 3]
1088,10,6,4,[5, 5, 4, 5, 5, 5],[1, 6, 6, 3]
1089,10,4,6,[4, 4, 4, 4],[5, 5, 3, 3, 5, 5]
1090,10,9,1,[5, 4, 3, 5, 4, 4, 3, 5, 5],[2]
1091,10,6,4,[2, 3, 3, 2, 2, 3],[4, 1, 4, 1]
1094,10,6,4,[6, 5, 5, 5, 5, 5],[4, 7, 7, 3]
1095,10,6,4,[3, 3, 3, 3, 3, 3],[4, 4, 2, 1]
1097,10,8,2,[3, 3, 3, 4, 3, 4, 3, 3],[1, 5]
1098,10,9,1,[5, 3, 5, 3, 3, 4, 4, 3, 4],[6]
1099,10,5,5,[2, 2, 2, 2, 2],[1, 3, 3, 3, 1]
1100,10,5,5,[3, 3, 3, 3, 3],[1, 4, 2, 4, 4]
1101,10,7,3,[8, 6, 7, 6, 7, 7, 6],[9, 9, 4]
1102,10,9,1,[6, 5, 6, 5, 5, 6, 5, 5, 6],[8]
1103,10,8,2,[6, 7, 7, 7, 6, 7, 6, 6],[9, 9]
1104,10,6,4,[7, 7, 7, 6, 7, 6],[5, 8, 5, 8]
1105,10,8,2,[4, 6, 5, 7, 6, 7, 7, 7],[8, 1]
1106,10,9,1,[5, 6, 5, 5, 6, 6, 6, 5, 5],[7]
1108,10,6,4,[4, 3, 4, 3, 4, 4],[2, 2, 2, 5]
1109,10,6,4,[5, 5, 4, 5, 5, 5],[3, 3, 3, 3]
1110,10,2,8,[4, 4],[5, 3, 5, 3, 5, 3, 5, 3]
1111,10,7,3,[2, 3, 3, 2, 3, 3, 2],[5, 4, 1]
1112,10,6,4,[3, 3, 4, 4, 3, 3],[5, 5, 5, 2]
1113,10,3,7,[4, 4, 4],[5, 5, 3, 5, 5, 3, 3]
1114,10,6,4,[5, 5, 5, 5, 5, 5],[7, 4, 4, 6]
1115,10,8,2,[5, 5, 6, 6, 6, 6, 6, 6],[3, 7]
1116,10,8,2,[5, 6, 5, 5, 5, 6, 6, 5],[7, 4]
1118,10,8,2,[4, 3, 5, 3, 5, 4, 3, 3],[7, 6]
1119,10,8,2,[7, 6, 7, 7, 7, 7, 6, 6],[8, 3]
1120,10,6,4,[7, 7, 7, 6, 7, 7],[4, 5, 8, 8]
1121,10,6,4,[7, 7, 7, 6, 7, 7],[5, 5, 8, 5]
1122,10,8,2,[8, 8, 8, 6, 5, 6, 7, 6],[9, 1]
1123,10,7,3,[5, 5, 5, 5, 5, 4, 4],[1, 7, 7]
1124,10,8,2,[5, 5, 5, 5, 5, 5, 6, 5],[8, 7]
1125,10,5,5,[7, 7, 7, 7, 7],[6, 8, 8, 8, 8]
1126,10,6,4,[6, 5, 5, 5, 5, 5],[7, 3, 7, 7]
1127,10,5,5,[6, 6, 6, 6, 6],[5, 5, 8, 5, 7]
1129,10,6,4,[7, 7, 7, 7, 7, 8],[9, 6, 5, 9]
1130,10,8,2,[7, 7, 8, 7, 8, 8, 7, 7],[9, 6]
1131,10,6,4,[7, 7, 7, 7, 7, 7],[6, 6, 8, 6]
1132,10,6,4,[5, 5, 6, 5, 6, 5],[7, 7, 4, 3]
1133,10,5,5,[5, 5, 5, 5, 4],[7, 3, 7, 3, 3]
1134,10,8,2,[5, 4, 4, 5, 4, 5, 4, 4],[7, 1]
1135,10,4,6,[4, 4, 4, 4],[3, 5, 3, 3, 5, 5]
1137,10,7,3,[4, 5, 5, 4, 5, 5, 5],[6, 3, 3]
1138,10,6,4,[5, 5, 6, 5, 5, 5],[3, 3, 7, 7]
1139,10,8,2,[5, 5, 4, 4, 5, 5, 5, 4],[2, 2]
1140,10,8,2,[3, 5, 3, 4, 3, 4, 3, 5],[7, 6]
1141,10,7,3,[4, 4, 5, 4, 4, 4, 5],[7, 3, 7]
1142,10,9,1,[3, 5, 4, 5, 3, 3, 5, 3, 3],[7]
1143,10,5,5,[5, 4, 5, 4, 4],[3, 6, 3, 3, 6]
1144,10,6,4,[3, 3, 4, 4, 4, 3],[6, 5, 2, 2]
1145,10,6,4,[3, 3, 4, 4, 3, 4],[1, 5, 5, 5]
1146,10,7,3,[3, 3, 3, 4, 4, 4, 3],[5, 5, 2]
1147,10,9,1,[5, 5, 5, 5, 5, 5, 5, 5, 5],[4]
1148,10,7,3,[5, 5, 4, 4, 5, 5, 5],[6, 3, 3]
1149,10,8,2,[5, 5, 4, 5, 4, 4, 5, 5],[3, 3]
1150,10,7,3,[5, 5, 5, 4, 4, 4, 4],[7, 3, 6]
1151,10,10,0,[3, 5, 5, 5, 3, 3, 5, 5, 3, 3],[]
1152,10,7,3,[3, 3, 4, 4, 4, 4, 3],[5, 2, 1]
1153,10,7,3,[3, 3, 3, 3, 3, 3, 3],[4, 2, 4]
1154,10,9,1,[3, 4, 3, 3, 3, 4, 3, 3, 3],[5]
1155,10,8,2,[5, 3, 3, 4, 3, 4, 3, 5],[6, 1]
1157,10,9,1,[7, 6, 7, 6, 7, 7, 7, 7, 7],[5]
1159,10,8,2,[3, 3, 2, 3, 4, 3, 3, 3],[5, 1]
1160,10,6,4,[6, 5, 6, 6, 6, 6],[7, 3, 7, 4]
1161,10,8,2,[3, 4, 3, 3, 2, 2, 3, 4],[5, 1]
1162,10,6,4,[5, 5, 4, 4, 4, 5],[3, 7, 3, 6]
1163,10,6,4,[5, 5, 5, 5, 5, 5],[7, 2, 8, 3]
1164,10,8,2,[4, 5, 4, 5, 5, 4, 5, 5],[3, 3]
1166,10,8,2,[4, 4, 4, 5, 5, 3, 4, 4],[6, 1]
1167,10,7,3,[4, 4, 5, 4, 4, 4, 3],[7, 6, 2]
1168,10,7,3,[3, 2, 3, 2, 3, 3, 2],[1, 1, 4]
1169,10,6,4,[7, 6, 7, 8, 6, 7],[5, 9, 5, 9]
1170,10,7,3,[3, 3, 3, 3, 3, 3, 3],[4, 4, 2]
1171,10,5,5,[3, 3, 3, 4, 3],[5, 1, 6, 2, 5]
1172,10,6,4,[3, 3, 3, 3, 3, 3],[2, 4, 2, 2]
1173,10,7,3,[4, 2, 3, 3, 3, 2, 4],[5, 1, 5]
1174,10,7,3,[4, 3, 3, 3, 3, 3, 4],[5, 1, 2]
1175,10,7,3,[4, 3, 3, 2, 3, 3, 3],[6, 1, 5]
1176,10,5,5,[3, 3, 2, 3, 3],[1, 1, 5, 1, 1]
1177,10,7,3,[3, 3, 3, 4, 3, 3, 4],[2, 5, 1]
1178,10,5,5,[2, 2, 4, 3, 3],[5, 5, 1, 1, 5]
1179,10,8,2,[3, 3, 2, 3, 2, 2, 3, 2],[1, 5]
1180,10,8,2,[3, 2, 3, 4, 3, 3, 3, 4],[6, 1]
1181,10,9,1,[6, 6, 6, 6, 5, 5, 5, 6, 5],[4]
1182,10,5,5,[3, 3, 3, 3, 2],[4, 4, 1, 1, 4]
1183,10,7,3,[2, 2, 3, 2, 2, 3, 3],[1, 5, 4]
1184,10,8,2,[6, 6, 7, 5, 7, 5, 7, 7],[9, 4]
1185,10,7,3,[7, 7, 7, 7, 6, 7, 6],[9, 5, 8]
1186,10,8,2,[6, 5, 7, 3, 6, 3, 5, 6],[8, 1]
1187,10,6,4,[6, 6, 5, 5, 6, 6],[7, 7, 3, 7]
1188,10,7,3,[6, 6, 6, 5, 6, 6, 6],[3, 7, 7]
1189,10,7,3,[3, 4, 4, 4, 2, 3, 2],[1, 1, 5]
1190,10,7,3,[2, 3, 3, 3, 2, 3, 4],[5, 1, 5]
1191,10,7,3,[3, 3, 3, 4, 3, 3, 3],[6, 5, 5]
1192,10,6,4,[3, 3, 3, 5, 4, 5],[2, 1, 6, 7]
1193,10,6,4,[7, 7, 6, 6, 7, 7],[8, 4, 5, 8]
1194,10,7,3,[6, 6, 5, 6, 6, 6, 5],[7, 7, 4]
1195,10,9,1,[5, 5, 5, 6, 6, 5, 5, 5, 4],[1]
1196,10,8,2,[6, 6, 6, 6, 4, 6, 5, 5],[7, 1]
1197,10,8,2,[3, 3, 3, 4, 4, 3, 3, 3],[1, 5]
1198,10,7,3,[4, 4, 3, 4, 3, 3, 3],[2, 5, 2]
1199,10,7,3,[3, 3, 3, 5, 4, 4, 3],[6, 6, 1]
1200,10,9,1,[5, 5, 5, 5, 5, 5, 5, 5, 5],[4]
1201,10,8,2,[3, 4, 3, 4, 4, 4, 3, 3],[5, 2]
1202,10,9,1,[7, 6, 7, 5, 6, 7, 6, 6, 7],[3]
1203,10,7,3,[3, 4, 3, 3, 3, 3, 4],[6, 5, 2]
1204,10,8,2,[3, 4, 2, 3, 3, 3, 2, 3],[1, 7]
1205,10,8,2,[3, 3, 2, 3, 3, 3, 4, 3],[5, 1]
1206,10,6,4,[4, 4, 5, 5, 5, 4],[3, 3, 3, 7]
1207,10,6,4,[6, 6, 7, 6, 6, 6],[9, 9, 9, 4]
1208,10,6,4,[7, 7, 7, 7, 7, 7],[9, 6, 6, 6]
1209,10,6,4,[6, 6, 6, 6, 7, 7],[8, 9, 5, 4]
1210,10,9,1,[5, 5, 5, 5, 5, 5, 5, 5, 5],[1]
1211,10,7,3,[5, 5, 7, 6, 5, 5, 6],[9, 4, 4]
1212,10,7,3,[6, 7, 6, 7, 7, 7, 7],[9, 5, 5]
1213,10,6,4,[6, 6, 6, 6, 6, 6],[7, 5, 7, 7]
1214,10,6,4,[6, 6, 7, 6, 6, 7],[8, 5, 5, 5]
1215,10,6,4,[7, 7, 7, 7, 7, 7],[8, 8, 6, 6]
1216,10,6,4,[7, 7, 7, 7, 7, 7],[6, 6, 6, 8]
1217,10,8,2,[7, 7, 7, 6, 7, 7, 7, 7],[9, 4]
1218,10,7,3,[7, 6, 5, 7, 5, 6, 7],[9, 1, 9]
1219,10,7,3,[7, 7, 7, 8, 7, 7, 7],[5, 5, 9]
1220,10,7,3,[4, 3, 3, 3, 4, 3, 3],[6, 5, 2]
1221,10,5,5,[4, 4, 4, 4, 4],[5, 3, 3, 3, 5]
1222,10,6,4,[5, 5, 5, 5, 5, 5],[6, 6, 2, 3]
1223,10,6,4,[6, 5, 5, 6, 6, 6],[7, 4, 4, 3]
1224,10,8,2,[5, 5, 6, 6, 5, 5, 6, 5],[7, 4]
1225,10,8,2,[7, 7, 7, 6, 6, 7, 6, 6],[4, 8]
1226,10,7,3,[5, 5, 4, 5, 4, 5, 5],[6, 6, 3]
1227,10,8,2,[3, 5, 4, 3, 4, 4, 3, 3],[7, 2]
1228,10,7,3,[7, 5, 6, 7, 6, 6, 5],[4, 9, 8]
1229,10,7,3,[6, 5, 5, 6, 5, 5, 5],[7, 4, 7]
1230,10,6,4,[5, 5, 6, 5, 5, 6],[7, 7, 7, 4]
1231,10,9,1,[4, 5, 4, 4, 4, 5, 5, 4, 4],[7]
1232,10,9,1,[5, 4, 7, 5, 4, 4, 7, 4, 5],[9]
1233,10,8,2,[7, 5, 6, 4, 5, 6, 6, 6],[9, 1]
1234,10,7,3,[4, 4, 4, 4, 4, 3, 4],[6, 2, 2]
1235,10,8,2,[6, 6, 7, 7, 6, 6, 5, 7],[8, 1]
1236,10,5,5,[7, 7, 7, 7, 7],[5, 5, 5, 9, 8]
1237,10,7,3,[5, 5, 5, 5, 6, 5, 5],[7, 3, 7]
1238,10,6,4,[5, 6, 6, 5, 6, 6],[4, 7, 7, 3]
1239,10,6,4,[4, 3, 5, 5, 5, 4],[7, 2, 1, 7]
1240,10,8,2,[3, 5, 4, 4, 3, 4, 3, 3],[6, 8]
1241,10,4,6,[4, 5, 4, 5],[6, 6, 3, 6, 3, 3]
1242,10,8,2,[3, 3, 4, 3, 4, 4, 4, 3],[5, 1]
1243,10,7,3,[5, 5, 5, 5, 4, 5, 5],[6, 3, 3]
1244,10,6,4,[6, 7, 7, 7, 7, 6],[5, 5, 9, 8]
1245,10,7,3,[4, 3, 4, 3, 5, 3, 5],[1, 6, 1]
1246,10,9,1,[5, 5, 7, 6, 7, 5, 5, 7, 5],[8]
1247,10,9,1,[5, 3, 3, 4, 3, 5, 3, 5, 4],[7]
1248,10,8,2,[3, 4, 5, 4, 5, 3, 3, 3],[7, 7]
1249,10,7,3,[5, 5, 5, 4, 5, 5, 5],[3, 3, 7]
1250,10,7,3,[5, 5, 5, 5, 5, 5, 5],[7, 4, 4]
1252,10,8,2,[5, 6, 5, 5, 5, 5, 5, 5],[7, 3]
1253,10,7,3,[4, 4, 6, 7, 4, 4, 7],[3, 9, 3]
1254,10,5,5,[5, 5, 5, 5, 5],[6, 6, 4, 6, 4]
1255,10,6,4,[6, 6, 7, 6, 7, 6],[5, 5, 5, 8]
1256,10,7,3,[3, 3, 3, 3, 3, 3, 3],[2, 4, 4]
1257,10,8,2,[5, 5, 4, 5, 4, 3, 3, 3],[2, 7]
1258,10,7,3,[4, 5, 5, 5, 3, 3, 3],[6, 1, 2]
1259,10,5,5,[3, 3, 4, 3, 3],[5, 5, 2, 5, 5]
1260,10,8,2,[7, 7, 6, 7, 6, 6, 7, 7],[5, 9]
1261,10,6,4,[5, 5, 5, 5, 5, 6],[4, 7, 7, 8]
1262,10,6,4,[6, 5, 6, 5, 5, 5],[7, 7, 3, 1]
1264,10,7,3,[5, 7, 6, 4, 6, 5, 5],[9, 3, 3]
1265,10,8,2,[7, 7, 6, 6, 6, 6, 7, 7],[5, 9]
1266,10,7,3,[6, 5, 6, 7, 6, 6, 5],[8, 8, 4]
1267,10,8,2,[5, 5, 5, 4, 5, 4, 5, 4],[6, 3]
1268,10,8,2,[3, 4, 3, 3, 4, 3, 4, 3],[6, 6]
1269,10,7,3,[6, 4, 6, 6, 4, 4, 6],[3, 7, 7]
1270,10,9,1,[6, 7, 7, 6, 6, 6, 7, 7, 5],[1]
1271,10,6,4,[4, 4, 5, 4, 5, 4],[3, 3, 7, 3]
1272,10,9,1,[4, 4, 3, 4, 4, 3, 4, 4, 4],[1]
1273,10,8,2,[4, 3, 3, 3, 4, 3, 5, 4],[9, 2]
1274,10,8,2,[6, 5, 5, 5, 5, 7, 7, 5],[9, 3]
1275,10,7,3,[7, 7, 6, 7, 7, 6, 7],[5, 8, 5]
1276,10,8,2,[3, 4, 3, 5, 4, 3, 4, 3],[7, 2]
1277,10,7,3,[3, 4, 4, 3, 4, 4, 4],[1, 2, 2]
1278,10,7,3,[4, 4, 5, 3, 4, 3, 5],[1, 1, 6]
1279,10,7,3,[3, 4, 4, 3, 4, 4, 4],[5, 1, 5]
1280,10,7,3,[3, 3, 3, 3, 3, 3, 3],[2, 4, 4]
1281,10,5,5,[5, 5, 5, 5, 5],[4, 4, 6, 7, 4]
1282,10,6,4,[3, 3, 3, 2, 2, 3],[5, 1, 1, 5]
1283,10,7,3,[3, 3, 4, 3, 3, 3, 4],[2, 5, 5]
1284,10,7,3,[4, 3, 3, 4, 3, 4, 4],[5, 2, 5]
1285,10,8,2,[3, 3, 3, 3, 3, 3, 3, 3],[1, 4]
1286,10,6,4,[3, 4, 4, 4, 3, 3],[5, 5, 2, 5]
1287,10,8,2,[6, 6, 5, 6, 7, 6, 5, 6],[1, 9]
1288,10,7,3,[6, 5, 5, 4, 6, 5, 6],[9, 2, 3]
1289,10,5,5,[3, 3, 3, 2, 3],[1, 4, 1, 1, 4]
1290,10,9,1,[6, 7, 7, 7, 6, 6, 6, 7, 7],[4]
1291,10,7,3,[5, 6, 6, 5, 6, 5, 6],[2, 7, 7]
1292,10,6,4,[7, 7, 7, 7, 7, 7],[6, 6, 6, 6]
1293,10,5,5,[7, 6, 7, 6, 7],[5, 8, 5, 5, 8]
1294,10,7,3,[6, 4, 6, 5, 6, 5, 6],[7, 1, 3]
1295,10,7,3,[5, 5, 4, 5, 5, 4, 5],[3, 3, 3]
1296,10,8,2,[5, 5, 5, 5, 5, 5, 5, 5],[3, 7]
1297,10,6,4,[5, 5, 5, 5, 5, 5],[6, 4, 3, 6]
1298,10,5,5,[4, 4, 4, 4, 4],[5, 5, 5, 2, 3]
1299,10,8,2,[3, 5, 4, 5, 5, 5, 3, 3],[2, 6]
1300,10,8,2,[5, 5, 5, 5, 5, 5, 5, 5],[3, 4]
1301,10,5,5,[7, 7, 7, 7, 6],[8, 9, 5, 5, 5]
1302,10,6,4,[6, 7, 7, 7, 6, 7],[8, 5, 8, 5]
1303,10,9,1,[7, 7, 6, 5, 5, 4, 6, 6, 7],[1]
1304,10,8,2,[6, 6, 7, 6, 6, 7, 6, 7],[8, 9]
1305,10,9,1,[7, 7, 7, 7, 8, 7, 7, 7, 8],[9]
1306,10,7,3,[7, 7, 7, 7, 7, 7, 7],[6, 6, 9]
1307,10,7,3,[6, 5, 5, 5, 5, 6, 6],[4, 7, 7]
1308,10,9,1,[7, 6, 7, 7, 6, 5, 8, 6, 8],[1]
1309,10,8,2,[7, 7, 6, 5, 5, 7, 5, 7],[1, 9]
1310,10,8,2,[5, 6, 6, 6, 5, 6, 6, 5],[9, 3]
1311,10,8,2,[5, 6, 5, 6, 6, 6, 5, 6],[3, 1]
1312,10,7,3,[4, 4, 4, 5, 4, 4, 5],[3, 7, 6]
1313,10,7,3,[5, 7, 7, 6, 6, 6, 6],[9, 8, 3]
1314,10,5,5,[6, 6, 6, 6, 6],[5, 7, 5, 5, 5]
1315,10,8,2,[5, 4, 4, 5, 5, 5, 4, 4],[3, 7]
1316,10,6,4,[5, 5, 5, 7, 7, 5],[3, 3, 3, 9]
1317,10,6,4,[5, 5, 4, 4, 4, 4],[6, 7, 6, 3]
1318,10,6,4,[4, 5, 5, 5, 5, 5],[3, 6, 3, 3]
1319,10,7,3,[5, 5, 5, 5, 6, 6, 5],[4, 7, 4]
1320,10,5,5,[3, 4, 3, 3, 3],[1, 1, 1, 5, 5]
1321,10,9,1,[5, 3, 3, 5, 3, 5, 5, 3, 3],[7]
1322,10,6,4,[3, 2, 2, 3, 3, 2],[1, 6, 6, 5]
1323,10,6,4,[5, 5, 5, 4, 5, 5],[6, 3, 6, 3]
1324,10,8,2,[6, 5, 6, 4, 6, 7, 5, 4],[9, 3]
1325,10,8,2,[4, 3, 3, 3, 4, 4, 4, 4],[7, 7]
1326,10,6,4,[3, 3, 2, 3, 3, 4],[1, 1, 5, 5]
1327,10,8,2,[5, 5, 5, 5, 5, 5, 5, 5],[6, 4]
1328,10,8,2,[3, 5, 5, 5, 5, 4, 4, 5],[1, 7]
1329,10,8,2,[7, 7, 7, 5, 6, 7, 5, 5],[1, 9]
1330,10,6,4,[6, 6, 6, 6, 6, 6],[5, 7, 7, 7]
1331,10,6,4,[5, 4, 5, 5, 5, 4],[7, 6, 3, 3]
1332,10,8,2,[3, 5, 5, 3, 3, 3, 4, 4],[2, 7]
1333,10,8,2,[4, 3, 3, 4, 5, 3, 3, 5],[1, 7]
1334,10,8,2,[5, 6, 6, 7, 6, 6, 7, 5],[8, 3]
1335,10,6,4,[6, 7, 6, 7, 7, 6],[8, 5, 4, 9]
1336,10,7,3,[7, 7, 7, 6, 7, 6, 7],[5, 5, 5]
1337,10,6,4,[5, 5, 5, 5, 5, 6],[8, 7, 7, 3]
1338,10,9,1,[6, 5, 5, 7, 5, 6, 6, 7, 5],[8]
1339,10,6,4,[6, 5, 6, 6, 5, 7],[9, 3, 4, 8]
1340,10,7,3,[6, 6, 6, 5, 6, 6, 5],[7, 4, 4]
1341,10,9,1,[6, 6, 7, 7, 7, 7, 7, 6, 6],[5]
1342,10,6,4,[4, 5, 3, 5, 5, 3],[7, 1, 7, 7]
1343,10,4,6,[6, 4, 4, 6],[7, 3, 7, 3, 7, 3]
1345,10,8,2,[5, 5, 5, 5, 5, 5, 5, 5],[7, 7]
1346,10,7,3,[3, 5, 4, 3, 6, 4, 3],[2, 8, 7]
1347,10,6,4,[3, 4, 3, 3, 4, 3],[1, 6, 5, 2]
1348,10,7,3,[3, 3, 4, 3, 5, 3, 5],[2, 6, 7]
1349,10,7,3,[4, 3, 3, 4, 3, 3, 3],[5, 2, 5]
1350,10,7,3,[6, 6, 5, 5, 5, 6, 5],[4, 8, 3]
1351,10,8,2,[5, 5, 5, 3, 3, 3, 3, 3],[2, 6]
1352,10,8,2,[4, 5, 3, 5, 3, 3, 3, 4],[7, 6]
1353,10,8,2,[4, 4, 4, 3, 3, 4, 3, 3],[5, 2]
1355,10,8,2,[3, 4, 4, 3, 4, 3, 3, 3],[7, 2]
1356,10,7,3,[5, 4, 4, 4, 3, 3, 3],[7, 2, 2]
1357,10,9,1,[3, 3, 4, 3, 3, 3, 4, 4, 3],[5]
1358,10,9,1,[4, 4, 5, 5, 4, 5, 5, 5, 4],[1]
1359,10,7,3,[7, 7, 7, 6, 6, 7, 7],[5, 5, 8]
1360,10,7,3,[2, 3, 3, 3, 3, 3, 3],[1, 1, 5]
1361,10,6,4,[3, 2, 3, 4, 3, 2],[6, 1, 5, 1]
1362,10,7,3,[6, 6, 5, 5, 5, 5, 5],[7, 4, 4]
1363,10,8,2,[5, 5, 5, 5, 5, 5, 5, 5],[1, 6]
1364,10,7,3,[6, 6, 5, 6, 5, 6, 5],[3, 8, 7]
1365,10,7,3,[4, 2, 2, 2, 4, 4, 2],[6, 1, 5]
1366,10,7,3,[6, 6, 5, 5, 5, 5, 5],[7, 8, 7]
1367,10,8,2,[5, 7, 7, 5, 5, 7, 6, 6],[8, 4]
1368,10,7,3,[5, 5, 5, 6, 6, 6, 5],[9, 4, 4]
1369,10,6,4,[5, 4, 5, 5, 4, 5],[6, 6, 6, 3]
1370,10,8,2,[3, 3, 5, 5, 3, 4, 4, 3],[7, 2]
1371,10,7,3,[5, 2, 3, 3, 2, 3, 4],[1, 7, 6]
1372,10,5,5,[3, 4, 3, 3, 4],[2, 2, 5, 5, 2]
1373,10,8,2,[5, 4, 4, 6, 3, 4, 6, 5],[7, 1]
1374,10,8,2,[3, 4, 3, 3, 3, 4, 3, 4],[5, 1]
1375,10,7,3,[5, 5, 6, 5, 5, 5, 4],[1, 7, 3]
1376,10,6,4,[6, 5, 6, 6, 5, 6],[7, 3, 7, 7]
1377,10,5,5,[8, 6, 6, 7, 6],[5, 9, 5, 5, 9]
1378,10,8,2,[7, 7, 7, 7, 7, 5, 5, 5],[3, 4]
1379,10,4,6,[5, 5, 5, 5],[6, 6, 4, 6, 4, 6]
1380,10,7,3,[4, 4, 3, 5, 5, 5, 3],[2, 7, 2]
1381,10,5,5,[5, 5, 5, 5, 5],[4, 4, 4, 7, 7]
1382,10,8,2,[3, 3, 3, 3, 3, 3, 3, 2],[1, 5]
1383,10,7,3,[5, 5, 5, 5, 4, 5, 5],[3, 3, 3]
1384,10,4,6,[4, 5, 4, 4],[3, 3, 3, 6, 7, 6]
1385,10,6,4,[5, 4, 3, 4, 3, 4],[7, 1, 6, 2]
1386,10,6,4,[3, 3, 4, 3, 2, 4],[1, 5, 1, 1]
1387,10,7,3,[4, 4, 4, 4, 4, 5, 5],[2, 6, 3]
1388,10,9,1,[4, 3, 3, 3, 4, 3, 5, 4, 5],[6]
1389,10,5,5,[4, 4, 4, 4, 4],[5, 3, 5, 5, 3]
1390,10,6,4,[6, 6, 6, 6, 6, 6],[7, 5, 7, 5]
1391,10,5,5,[3, 3, 3, 3, 3],[5, 4, 2, 2, 2]
1392,10,7,3,[5, 5, 5, 6, 5, 5, 5],[7, 7, 7]
1394,10,9,1,[5, 6, 7, 7, 6, 7, 5, 7, 7],[3]
1395,10,7,3,[5, 6, 5, 5, 5, 5, 5],[7, 7, 7]
1396,10,9,1,[5, 5, 5, 5, 5, 6, 5, 6, 7],[9]
1397,10,6,4,[7, 6, 6, 7, 6, 7],[5, 5, 9, 9]
1398,10,7,3,[6, 7, 7, 7, 6, 7, 7],[5, 5, 5]
1399,10,7,3,[5, 6, 5, 6, 5, 6, 6],[7, 3, 7]
1400,10,4,6,[6, 6, 6, 6],[7, 7, 5, 5, 5, 5]
1401,10,7,3,[6, 7, 7, 7, 6, 7, 6],[5, 5, 8]
1402,10,6,4,[6, 6, 6, 6, 6, 7],[9, 5, 9, 5]
1403,10,8,2,[7, 7, 7, 6, 7, 7, 6, 7],[5, 5]
1404,10,9,1,[6, 6, 7, 6, 7, 7, 7, 7, 6],[5]
1405,10,6,4,[7, 6, 7, 6, 6, 6],[8, 8, 5, 5]
1406,10,7,3,[6, 8, 7, 8, 7, 7, 7],[5, 9, 3]
1407,10,8,2,[7, 7, 7, 6, 7, 7, 6, 6],[4, 5]
1408,10,7,3,[5, 6, 5, 5, 5, 6, 5],[7, 7, 2]
1409,10,7,3,[6, 7, 7, 5, 7, 6, 5],[3, 9, 8]
1410,10,6,4,[5, 5, 6, 5, 6, 6],[7, 3, 3, 8]
1411,10,7,3,[6, 4, 6, 6, 5, 5, 4],[7, 7, 2]
1412,10,7,3,[5, 4, 5, 4, 4, 5, 5],[7, 2, 6]
1413,10,6,4,[6, 7, 7, 7, 6, 7],[4, 5, 5, 8]
1414,10,7,3,[4, 5, 6, 4, 4, 6, 5],[1, 7, 7]
1415,10,7,3,[6, 7, 7, 7, 7, 8, 8],[9, 5, 4]
1416,10,8,2,[7, 6, 8, 6, 7, 7, 7, 7],[9, 4]
1417,10,8,2,[7, 7, 7, 7, 6, 5, 6, 7],[9, 3]
1419,10,8,2,[7, 5, 5, 7, 7, 6, 5, 5],[1, 8]
1420,10,8,2,[6, 7, 6, 7, 7, 6, 7, 7],[4, 5]
1421,10,9,1,[5, 6, 7, 7, 6, 7, 7, 6, 5],[4]
1422,10,7,3,[5, 5, 5, 6, 6, 5, 5],[7, 4, 7]
1423,10,4,6,[7, 8, 7, 8],[9, 5, 5, 5, 9, 9]
1425,10,7,3,[6, 6, 6, 7, 7, 7, 7],[8, 5, 5]
1426,10,7,3,[7, 7, 5, 5, 7, 7, 7],[3, 4, 9]
1427,10,8,2,[5, 5, 5, 5, 5, 5, 5, 5],[9, 7]
1428,10,6,4,[6, 7, 7, 7, 6, 6],[9, 4, 5, 8]
1429,10,9,1,[6, 6, 7, 6, 6, 7, 7, 7, 6],[9]
1431,10,6,4,[3, 3, 3, 3, 4, 4],[5, 5, 2, 1]
1432,10,7,3,[4, 4, 5, 6, 3, 3, 4],[1, 7, 7]
1433,10,7,3,[4, 6, 5, 4, 6, 6, 5],[8, 8, 3]
1434,10,7,3,[7, 7, 6, 7, 7, 6, 7],[5, 5, 5]
1435,10,6,4,[3, 3, 3, 3, 2, 6],[1, 1, 7, 8]
1436,10,8,2,[3, 3, 2, 2, 3, 3, 4, 3],[1, 6]
1437,10,8,2,[6, 7, 7, 7, 7, 6, 6, 7],[4, 8]
1438,10,6,4,[5, 6, 5, 5, 4, 5],[8, 3, 8, 9]
1439,10,7,3,[6, 8, 8, 6, 7, 7, 8],[4, 9, 9]
1440,10,6,4,[6, 7, 7, 7, 7, 7],[4, 9, 5, 5]
1441,10,3,7,[5, 5, 4],[3, 6, 3, 6, 6, 6, 3]
1442,10,9,1,[3, 3, 3, 3, 3, 3, 3, 3, 3],[2]
1444,10,7,3,[6, 5, 6, 7, 7, 5, 5],[3, 4, 9]
1445,10,5,5,[7, 7, 7, 7, 7],[6, 6, 9, 9, 6]
1446,10,7,3,[6, 7, 6, 7, 7, 7, 7],[1, 9, 9]
1447,10,7,3,[7, 6, 6, 7, 6, 6, 7],[4, 9, 5]
1448,10,7,3,[6, 7, 7, 6, 7, 7, 6],[8, 8, 5]
1449,10,8,2,[6, 7, 7, 5, 6, 6, 6, 7],[1, 8]
1450,10,7,3,[6, 6, 6, 6, 6, 7, 7],[9, 8, 5]
1451,10,7,3,[5, 5, 5, 5, 5, 5, 5],[7, 3, 7]
1452,10,5,5,[7, 6, 8, 6, 7],[5, 9, 9, 3, 9]
1454,10,5,5,[3, 4, 2, 3, 4],[5, 5, 5, 1, 1]
1455,10,4,6,[3, 3, 3, 2],[1, 4, 1, 5, 1, 1]
1456,10,7,3,[3, 3, 4, 3, 4, 3, 2],[1, 5, 1]
1458,10,8,2,[3, 2, 3, 3, 4, 3, 3, 3],[5, 1]
1459,10,8,2,[4, 3, 3, 3, 3, 3, 4, 4],[1, 5]
1460,10,7,3,[3, 3, 3, 4, 3, 3, 3],[5, 5, 2]
1461,10,7,3,[5, 3, 3, 3, 5, 5, 3],[2, 6, 2]
1462,10,6,4,[3, 3, 3, 3, 3, 3],[4, 2, 2, 2]
1463,10,7,3,[3, 3, 4, 5, 5, 5, 4],[6, 2, 2]
1464,10,7,3,[5, 6, 5, 6, 5, 5, 6],[8, 8, 3]
1465,10,6,4,[4, 4, 3, 4, 2, 3],[1, 5, 1, 5]
1466,10,4,6,[3, 2, 2, 3],[1, 4, 4, 1, 5, 1]
1467,10,5,5,[3, 3, 4, 3, 3],[5, 2, 2, 5, 5]
1468,10,8,2,[3, 3, 2, 3, 2, 3, 3, 3],[6, 1]
1469,10,8,2,[3, 4, 4, 3, 4, 3, 4, 4],[2, 5]
1470,10,7,3,[4, 5, 3, 4, 3, 3, 3],[2, 7, 2]
1471,10,6,4,[4, 4, 2, 2, 2, 2],[1, 1, 5, 5]
1473,10,6,4,[4, 3, 3, 3, 3, 3],[2, 5, 5, 5]
1476,10,7,3,[3, 5, 3, 5, 5, 3, 4],[6, 7, 2]
1477,10,7,3,[1, 1, 1, 2, 1, 2, 1],[3, 3, 3]
1478,10,6,4,[3, 2, 2, 3, 2, 2],[4, 4, 1, 4]
1479,10,6,4,[3, 3, 2, 3, 3, 2],[4, 1, 1, 1]
1480,10,4,6,[4, 3, 4, 4],[5, 2, 5, 2, 5, 2]
1481,10,8,2,[2, 2, 3, 3, 5, 3, 2, 5],[8, 6]
1482,10,8,2,[3, 3, 3, 4, 3, 3, 3, 4],[5, 1]
1483,10,6,4,[2, 2, 2, 2, 2, 2],[1, 3, 1, 3]
1484,10,4,6,[4, 3, 3, 4],[2, 5, 5, 2, 1, 5]
1485,10,5,5,[3, 3, 3, 3, 2],[1, 4, 4, 1, 4]
1486,10,8,2,[3, 5, 3, 5, 5, 5, 3, 4],[1, 6]
1487,10,6,4,[3, 3, 3, 3, 3, 3],[4, 4, 4, 4]
1488,10,5,5,[3, 3, 3, 3, 3],[2, 5, 4, 2, 2]
1489,10,6,4,[3, 4, 3, 4, 4, 3],[2, 2, 5, 5]
1490,10,7,3,[2, 4, 3, 2, 3, 3, 3],[1, 5, 7]
1491,10,7,3,[3, 4, 3, 3, 3, 3, 3],[7, 2, 7]
1492,10,8,2,[3, 4, 4, 3, 4, 3, 3, 4],[1, 7]
1494,10,8,2,[4, 3, 5, 3, 3, 5, 4, 3],[2, 8]
1495,10,7,3,[3, 3, 3, 4, 4, 3, 3],[1, 5, 1]
1496,10,7,3,[3, 4, 3, 3, 4, 5, 3],[6, 6, 2]
1497,10,6,4,[6, 6, 6, 5, 5, 7],[8, 8, 4, 3]
1498,10,7,3,[3, 2, 3, 3, 2, 3, 3],[1, 4, 5]
1499,10,7,3,[2, 2, 3, 3, 3, 2, 2],[1, 5, 4]
1500,10,7,3,[6, 7, 7, 6, 6, 6, 6],[5, 8, 4]
1501,10,7,3,[6, 6, 7, 4, 7, 6, 7],[3, 1, 8]
1502,10,7,3,[4, 5, 6, 6, 3, 5, 3],[7, 7, 1]
1503,10,8,2,[7, 7, 6, 6, 6, 6, 7, 6],[9, 5]
1504,10,7,3,[3, 3, 4, 3, 5, 3, 5],[7, 7, 1]
1505,10,8,2,[6, 7, 6, 7, 6, 6, 7, 7],[4, 5]
1506,10,6,4,[6, 5, 6, 6, 6, 6],[3, 7, 7, 3]
1507,10,8,2,[5, 7, 7, 6, 6, 7, 6, 6],[3, 8]
1508,10,7,3,[6, 7, 6, 7, 6, 7, 7],[5, 5, 8]
1509,10,7,3,[4, 4, 4, 4, 4, 3, 3],[5, 1, 5]
1510,10,8,2,[3, 3, 3, 3, 2, 3, 2, 2],[1, 4]
1511,10,7,3,[3, 4, 3, 3, 4, 4, 3],[2, 2, 7]
1512,10,7,3,[4, 4, 4, 3, 4, 3, 3],[2, 1, 5]
1513,10,7,3,[5, 3, 3, 4, 6, 6, 5],[2, 2, 9]
1515,10,7,3,[5, 6, 5, 6, 5, 5, 7],[4, 4, 9]
1516,10,7,3,[3, 4, 3, 4, 3, 3, 3],[1, 1, 5]
1517,10,8,2,[3, 4, 4, 4, 3, 3, 4, 3],[2, 5]
1518,10,4,6,[6, 6, 6, 6],[5, 7, 7, 5, 5, 7]
1519,10,6,4,[4, 5, 4, 4, 3, 3],[6, 6, 1, 7]
1520,10,8,2,[4, 5, 4, 4, 5, 5, 5, 5],[7, 2]
1521,10,7,3,[3, 4, 4, 3, 3, 4, 4],[5, 2, 2]
1522,10,9,1,[6, 7, 6, 7, 6, 5, 6, 7, 7],[3]
1523,10,8,2,[4, 4, 3, 3, 2, 3, 3, 3],[1, 9]
1524,10,8,2,[4, 5, 5, 4, 3, 5, 4, 4],[6, 1]
1525,10,6,4,[4, 4, 3, 3, 3, 2],[1, 5, 1, 5]
1526,10,6,4,[5, 5, 4, 4, 4, 5],[7, 6, 2, 1]
1527,10,7,3,[3, 4, 3, 3, 3, 4, 3],[5, 5, 2]
1528,10,8,2,[6, 7, 8, 8, 7, 7, 6, 6],[9, 5]
1529,10,6,4,[7, 7, 7, 7, 6, 7],[8, 5, 5, 5]
1530,10,6,4,[7, 7, 7, 8, 7, 8],[5, 9, 9, 6]
1531,10,9,1,[6, 7, 6, 7, 7, 7, 6, 6, 7],[3]
1532,10,9,1,[7, 6, 7, 7, 6, 5, 6, 7, 6],[2]
1533,10,9,1,[5, 6, 5, 6, 6, 7, 5, 6, 6],[9]
1534,10,8,2,[6, 5, 5, 5, 4, 5, 5, 5],[7, 1]
1535,10,8,2,[5, 6, 6, 5, 5, 5, 5, 5],[7, 7]
1536,10,7,3,[5, 5, 5, 6, 5, 5, 6],[8, 7, 7]
1537,10,8,2,[4, 4, 5, 5, 5, 4, 4, 4],[3, 6]
1538,10,8,2,[5, 5, 6, 5, 5, 5, 5, 6],[7, 2]
1539,10,6,4,[5, 5, 5, 5, 5, 5],[3, 6, 3, 3]
1540,10,6,4,[3, 3, 3, 3, 3, 3],[4, 4, 4, 4]
1541,10,7,3,[6, 7, 6, 7, 7, 6, 6],[8, 4, 5]
1542,10,6,4,[5, 6, 5, 5, 4, 6],[3, 7, 3, 3]
1543,10,7,3,[7, 6, 6, 7, 6, 7, 6],[4, 4, 9]
1544,10,7,3,[5, 5, 5, 5, 5, 5, 5],[7, 7, 3]
1545,10,6,4,[6, 6, 6, 6, 6, 6],[5, 7, 5, 5]
1546,10,9,1,[5, 5, 5, 6, 5, 5, 6, 6, 7],[9]
1547,10,8,2,[4, 4, 5, 5, 4, 4, 5, 5],[7, 7]
1548,10,8,2,[3, 5, 3, 3, 4, 3, 4, 4],[2, 9]
1549,10,7,3,[4, 4, 4, 4, 4, 4, 4],[3, 5, 3]
1550,10,8,2,[4, 3, 5, 4, 3, 4, 4, 5],[1, 6]
1551,10,6,4,[7, 7, 7, 7, 7, 7],[6, 6, 6, 6]
1552,10,8,2,[5, 3, 4, 3, 4, 4, 3, 3],[9, 1]
1553,10,6,4,[5, 6, 5, 5, 5, 6],[4, 7, 4, 4]
1554,10,6,4,[5, 5, 4, 5, 5, 4],[3, 7, 7, 2]
1555,10,8,2,[6, 5, 5, 5, 4, 6, 5, 6],[7, 1]
1556,10,8,2,[6, 5, 6, 5, 5, 6, 5, 6],[7, 1]
1557,10,7,3,[5, 6, 4, 6, 6, 5, 6],[7, 3, 3]
1558,10,8,2,[7, 6, 6, 4, 5, 7, 6, 7],[1, 3]
1559,10,7,3,[5, 5, 5, 5, 4, 5, 4],[3, 3, 6]
1560,10,9,1,[6, 6, 4, 4, 5, 5, 6, 5, 6],[3]
1561,10,7,3,[6, 5, 5, 6, 6, 5, 5],[9, 3, 9]
1562,10,5,5,[5, 5, 5, 5, 5],[6, 6, 4, 6, 6]
1563,10,6,4,[2, 3, 3, 3, 3, 3],[1, 1, 1, 4]
1564,10,6,4,[4, 4, 5, 4, 5, 4],[3, 7, 6, 3]
1565,10,5,5,[5, 4, 5, 5, 5],[3, 7, 3, 3, 3]
1567,10,7,3,[3, 4, 4, 3, 4, 3, 4],[2, 5, 1]
1568,10,8,2,[6, 7, 7, 5, 7, 5, 7, 5],[8, 4]
1569,10,6,4,[7, 7, 7, 7, 7, 7],[6, 6, 6, 6]
1570,10,7,3,[7, 7, 6, 7, 6, 6, 6],[9, 9, 5]
1571,10,8,2,[5, 7, 6, 7, 5, 7, 6, 7],[4, 2]
1572,10,8,2,[7, 7, 6, 6, 6, 6, 6, 7],[3, 8]
1573,10,4,6,[3, 4, 3, 3],[2, 5, 1, 5, 5, 5]
1574,10,9,1,[4, 5, 5, 5, 5, 4, 4, 4, 5],[7]
1575,10,7,3,[5, 6, 6, 5, 5, 5, 5],[3, 7, 7]
1576,10,7,3,[6, 6, 5, 6, 5, 6, 5],[7, 4, 3]
1578,10,6,4,[5, 5, 5, 5, 5, 5],[6, 4, 6, 3]
1579,10,6,4,[6, 6, 6, 6, 6, 6],[5, 5, 7, 8]
1580,10,8,2,[5, 5, 5, 5, 5, 4, 4, 4],[6, 1]
1581,10,6,4,[4, 4, 5, 5, 4, 6],[7, 3, 7, 3]
1582,10,8,2,[5, 5, 5, 4, 6, 5, 5, 5],[7, 3]
1583,10,9,1,[3, 4, 3, 4, 4, 5, 3, 3, 5],[6]
1584,10,8,2,[4, 5, 3, 4, 5, 5, 5, 5],[2, 1]
1585,10,6,4,[5, 5, 5, 5, 5, 5],[8, 4, 7, 7]
1586,10,7,3,[5, 3, 3, 3, 2, 4, 4],[1, 7, 1]
1587,10,5,5,[3, 3, 3, 4, 3],[2, 5, 2, 5, 5]
1588,10,7,3,[3, 3, 3, 3, 3, 3, 3],[1, 4, 2]
1589,10,7,3,[3, 3, 4, 4, 3, 3, 3],[5, 1, 2]
1590,10,6,4,[3, 4, 3, 3, 4, 3],[5, 1, 5, 2]
1591,10,6,4,[5, 5, 5, 5, 5, 5],[6, 4, 4, 4]
1592,10,8,2,[4, 3, 4, 4, 5, 4, 4, 5],[8, 2]
1593,10,8,2,[3, 4, 3, 3, 3, 3, 4, 3],[2, 5]
1594,10,8,2,[5, 4, 5, 4, 4, 4, 5, 5],[7, 3]
1595,10,6,4,[3, 4, 3, 3, 5, 3],[2, 6, 7, 6]
1596,10,7,3,[5, 5, 5, 6, 5, 5, 5],[7, 7, 7]
1597,10,7,3,[5, 5, 5, 4, 4, 5, 5],[7, 6, 3]
1598,10,9,1,[3, 4, 4, 3, 4, 5, 6, 5, 3],[8]
1599,10,6,4,[5, 5, 5, 5, 5, 5],[4, 4, 4, 4]
1600,10,6,4,[5, 5, 4, 4, 5, 5],[3, 2, 3, 6]
1601,10,9,1,[6, 5, 6, 7, 5, 6, 7, 5, 5],[8]
1602,10,5,5,[7, 7, 8, 7, 8],[5, 5, 9, 5, 5]
1603,10,8,2,[5, 5, 4, 4, 5, 4, 5, 5],[6, 1]
1604,10,8,2,[3, 3, 3, 3, 4, 3, 3, 3],[5, 5]
1605,10,6,4,[7, 7, 7, 7, 7, 7],[6, 6, 6, 6]
1606,10,6,4,[6, 6, 7, 7, 7, 6],[5, 5, 5, 9]
1607,10,8,2,[7, 6, 6, 6, 6, 8, 8, 7],[9, 3]
1608,10,9,1,[6, 6, 7, 7, 6, 6, 5, 7, 7],[3]
1609,10,7,3,[7, 7, 6, 6, 7, 6, 7],[4, 9, 5]
1610,10,6,4,[7, 6, 6, 7, 7, 6],[9, 4, 9, 9]
1611,10,7,3,[7, 6, 6, 8, 7, 8, 7],[4, 5, 9]
1612,10,8,2,[7, 7, 6, 7, 6, 7, 7, 6],[4, 5]
1613,10,7,3,[6, 5, 7, 7, 7, 6, 7],[1, 9, 9]
1614,10,7,3,[6, 3, 4, 5, 7, 8, 3],[1, 9, 9]
1615,10,9,1,[6, 6, 5, 7, 5, 7, 6, 5, 5],[9]
1616,10,7,3,[6, 5, 5, 5, 5, 6, 5],[9, 2, 1]
1617,10,7,3,[4, 4, 3, 3, 4, 3, 4],[5, 5, 2]
1618,10,6,4,[7, 6, 7, 6, 6, 6],[9, 8, 5, 5]
1619,10,6,4,[6, 6, 6, 7, 6, 7],[9, 9, 9, 5]
1620,10,7,3,[5, 6, 5, 5, 5, 6, 5],[7, 8, 4]
1621,10,6,4,[4, 4, 6, 5, 5, 5],[3, 8, 3, 3]
1622,10,7,3,[6, 7, 7, 7, 6, 7, 7],[9, 5, 9]
1623,10,9,1,[7, 7, 5, 5, 7, 7, 6, 6, 7],[1]
1624,10,7,3,[6, 5, 6, 5, 6, 5, 6],[3, 7, 8]
1625,10,7,3,[7, 7, 7, 5, 5, 7, 5],[3, 8, 9]
1626,10,5,5,[3, 3, 3, 3, 3],[2, 4, 4, 2, 4]
1627,10,7,3,[8, 7, 5, 7, 7, 7, 7],[4, 9, 4]
1628,10,6,4,[7, 6, 7, 7, 7, 7],[8, 9, 5, 5]
1629,10,7,3,[4, 5, 4, 5, 5, 5, 5],[6, 1, 6]
1630,10,5,5,[7, 7, 7, 7, 7],[5, 9, 9, 9, 9]
1631,10,5,5,[2, 3, 3, 4, 3],[5, 5, 5, 1, 1]
1632,10,8,2,[3, 3, 5, 4, 5, 4, 3, 3],[6, 1]
1633,10,9,1,[5, 6, 5, 5, 5, 5, 6, 6, 6],[7]
1634,10,8,2,[5, 7, 5, 7, 5, 7, 5, 7],[8, 1]
1635,10,7,3,[6, 5, 5, 6, 6, 5, 5],[4, 7, 8]
1636,10,6,4,[3, 3, 3, 3, 3, 3],[1, 4, 4, 4]
1637,10,8,2,[4, 2, 3, 4, 4, 2, 2, 3],[5, 1]
1638,10,5,5,[6, 4, 4, 4, 5],[8, 3, 7, 7, 3]
1639,10,8,2,[4, 5, 4, 4, 4, 4, 4, 4],[3, 8]
1640,10,6,4,[6, 7, 7, 6, 6, 7],[9, 4, 8, 3]
1641,10,8,2,[6, 6, 6, 4, 6, 5, 5, 6],[3, 3]
1642,10,8,2,[6, 6, 7, 7, 7, 7, 6, 6],[8, 4]
1643,10,6,4,[5, 6, 6, 5, 5, 6],[7, 4, 4, 4]
1644,10,8,2,[6, 7, 6, 6, 7, 7, 7, 6],[8, 5]
1645,10,9,1,[6, 7, 7, 7, 7, 5, 7, 6, 6],[2]
1646,10,8,2,[6, 5, 6, 6, 6, 6, 5, 6],[3, 4]
1647,10,6,4,[7, 7, 7, 7, 7, 7],[6, 6, 9, 6]
1648,10,8,2,[7, 7, 7, 4, 5, 7, 6, 6],[3, 3]
1649,10,8,2,[2, 2, 1, 2, 1, 1, 1, 1],[3, 3]
1650,10,7,3,[3, 3, 3, 2, 3, 3, 3],[1, 1, 4]
1651,10,8,2,[5, 5, 5, 5, 4, 5, 5, 5],[3, 3]
1653,10,6,4,[3, 4, 3, 2, 3, 3],[1, 6, 1, 5]
1654,10,8,2,[7, 4, 6, 5, 5, 5, 7, 6],[1, 9]
1655,10,8,2,[7, 7, 7, 6, 7, 7, 6, 6],[9, 4]
1656,10,8,2,[3, 4, 3, 3, 3, 4, 4, 5],[6, 7]
1657,10,8,2,[7, 7, 4, 6, 6, 6, 7, 7],[1, 8]
1658,10,7,3,[7, 5, 6, 5, 6, 5, 6],[4, 9, 4]
1659,10,8,2,[5, 7, 6, 6, 7, 6, 7, 7],[4, 4]
1660,10,7,3,[6, 5, 6, 7, 7, 5, 7],[9, 3, 3]
1661,10,8,2,[5, 5, 5, 5, 5, 5, 5, 5],[6, 7]
1662,10,7,3,[4, 5, 4, 5, 5, 4, 5],[3, 7, 6]
1663,10,6,4,[3, 3, 3, 3, 4, 4],[2, 5, 5, 5]
1664,10,7,3,[5, 5, 5, 5, 5, 5, 5],[6, 6, 6]
1665,10,7,3,[4, 6, 6, 6, 3, 3, 3],[7, 2, 7]
1666,10,7,3,[5, 5, 6, 5, 6, 5, 5],[7, 8, 7]
1667,10,5,5,[6, 6, 6, 6, 6],[7, 5, 7, 5, 7]
1668,10,6,4,[6, 6, 6, 6, 6, 6],[7, 7, 7, 7]
1669,10,6,4,[6, 7, 7, 7, 7, 7],[9, 5, 8, 5]
1670,10,7,3,[4, 3, 3, 5, 5, 5, 3],[7, 8, 1]
1671,10,6,4,[6, 5, 5, 4, 4, 4],[9, 7, 3, 3]
1672,10,8,2,[3, 4, 3, 3, 3, 4, 3, 3],[5, 2]
1673,10,5,5,[3, 3, 3, 3, 3],[2, 2, 4, 4, 2]
1674,10,6,4,[4, 3, 3, 4, 3, 4],[5, 2, 2, 2]
1675,10,7,3,[6, 4, 5, 6, 6, 5, 6],[1, 7, 7]
1676,10,7,3,[6, 6, 4, 7, 7, 5, 6],[8, 3, 3]
1677,10,7,3,[7, 7, 7, 8, 7, 8, 8],[6, 9, 6]
1678,10,9,1,[7, 6, 7, 6, 6, 6, 7, 7, 7],[5]
1679,10,7,3,[4, 4, 5, 4, 5, 5, 4],[2, 2, 6]
1680,10,6,4,[2, 2, 3, 3, 2, 2],[4, 5, 1, 4]
1681,10,9,1,[3, 3, 2, 3, 3, 2, 2, 2, 2],[5]
1682,10,6,4,[6, 6, 5, 6, 5, 5],[3, 3, 7, 2]
1683,10,6,4,[4, 3, 4, 4, 3, 4],[6, 2, 7, 1]
1684,10,8,2,[3, 4, 3, 6, 6, 6, 4, 6],[7, 1]
1685,10,7,3,[3, 3, 3, 3, 3, 3, 3],[5, 5, 5]
1686,10,6,4,[3, 3, 3, 3, 4, 3],[2, 2, 5, 5]
1687,10,8,2,[3, 3, 4, 3, 2, 3, 4, 2],[1, 5]
1688,10,6,4,[3, 3, 3, 4, 3, 3],[2, 5, 5, 5]
1689,10,9,1,[4, 3, 3, 3, 3, 4, 4, 3, 3],[5]
1690,10,7,3,[3, 3, 3, 4, 3, 4, 3],[5, 5, 5]
1691,10,9,1,[3, 4, 3, 4, 4, 3, 3, 5, 3],[7]
1692,10,7,3,[3, 5, 3, 3, 3, 3, 4],[6, 7, 6]
1693,10,6,4,[5, 5, 4, 5, 5, 5],[3, 3, 3, 3]
1694,10,7,3,[4, 3, 3, 4, 3, 4, 4],[2, 5, 2]
1695,10,7,3,[4, 4, 4, 5, 4, 5, 5],[3, 3, 6]
1696,10,9,1,[3, 4, 3, 3, 4, 5, 5, 5, 3],[7]
1697,10,7,3,[3, 3, 4, 4, 3, 3, 3],[5, 5, 1]
1698,10,6,4,[3, 3, 4, 3, 3, 3],[1, 5, 5, 5]
1699,10,3,7,[4, 4, 4],[5, 3, 5, 3, 3, 3, 5]
1700,10,9,1,[5, 5, 5, 5, 5, 6, 6, 5, 5],[7]
1701,10,7,3,[5, 5, 5, 5, 5, 5, 5],[7, 4, 4]
1702,10,7,3,[5, 5, 5, 5, 5, 5, 5],[3, 6, 6]
1703,10,6,4,[3, 3, 4, 3, 3, 4],[5, 2, 2, 5]
1704,10,7,3,[3, 3, 3, 3, 3, 3, 3],[1, 4, 4]
1705,10,7,3,[4, 4, 5, 5, 5, 5, 5],[3, 3, 6]
1706,10,5,5,[4, 4, 4, 4, 4],[3, 5, 3, 5, 5]
1707,10,6,4,[4, 5, 6, 6, 4, 5],[3, 8, 3, 3]
1708,10,8,2,[2, 3, 2, 2, 3, 3, 2, 2],[4, 1]
1709,10,5,5,[5, 5, 5, 5, 5],[4, 4, 7, 6, 4]
1710,10,7,3,[5, 5, 5, 6, 6, 4, 6],[3, 3, 7]
1711,10,7,3,[5, 6, 5, 5, 5, 5, 6],[7, 7, 3]
1712,10,8,2,[6, 5, 6, 5, 6, 5, 5, 6],[7, 4]
1713,10,5,5,[3, 3, 3, 3, 3],[2, 4, 4, 4, 4]
1714,10,6,4,[3, 3, 3, 3, 3, 3],[4, 4, 4, 2]
1715,10,6,4,[6, 4, 4, 4, 4, 4],[2, 9, 2, 7]
1716,10,7,3,[3, 4, 3, 3, 3, 3, 3],[5, 5, 1]
1717,10,6,4,[5, 5, 4, 4, 5, 5],[6, 3, 3, 2]
1718,10,8,2,[6, 5, 6, 5, 6, 5, 5, 5],[3, 9]
1719,10,6,4,[3, 4, 3, 4, 3, 3],[2, 2, 5, 2]
1720,10,6,4,[6, 6, 6, 6, 5, 5],[7, 7, 4, 7]
1721,10,6,4,[5, 6, 6, 6, 5, 6],[4, 4, 4, 7]
1722,10,6,4,[5, 5, 5, 5, 5, 5],[6, 6, 6, 4]
1723,10,7,3,[3, 3, 5, 5, 5, 4, 3],[2, 6, 2]
1724,10,8,2,[3, 3, 3, 3, 3, 4, 3, 3],[7, 5]
1725,10,6,4,[3, 3, 3, 3, 3, 3],[5, 2, 2, 2]
1726,10,3,7,[4, 3, 3],[1, 5, 5, 5, 5, 2, 2]
1727,10,9,1,[5, 4, 4, 4, 5, 5, 5, 5, 4],[7]
1728,10,8,2,[6, 6, 6, 6, 6, 5, 5, 5],[9, 8]
1729,10,5,5,[5, 5, 5, 5, 5],[6, 6, 3, 3, 6]
1730,10,9,1,[7, 7, 6, 7, 6, 6, 7, 6, 7],[3]
1731,10,7,3,[6, 7, 7, 7, 6, 7, 7],[5, 5, 5]
1732,10,7,3,[6, 7, 6, 7, 6, 6, 7],[5, 8, 4]
1733,10,8,2,[4, 4, 4, 5, 4, 5, 4, 5],[6, 6]
1734,10,7,3,[4, 6, 6, 6, 5, 5, 5],[7, 3, 3]
1735,10,8,2,[4, 3, 4, 3, 3, 3, 3, 4],[5, 5]
1736,10,6,4,[4, 3, 3, 3, 3, 4],[1, 2, 5, 5]
1737,10,6,4,[5, 5, 4, 5, 4, 5],[3, 3, 3, 6]
1738,10,8,2,[4, 3, 3, 4, 3, 3, 5, 3],[7, 1]
1739,10,8,2,[5, 6, 5, 5, 6, 5, 5, 6],[7, 4]
1740,10,8,2,[3, 3, 3, 3, 3, 3, 3, 3],[2, 2]
1741,10,6,4,[4, 5, 5, 5, 5, 5],[2, 6, 3, 3]
1742,10,6,4,[3, 3, 3, 4, 3, 3],[5, 5, 5, 5]
1743,10,4,6,[4, 4, 4, 4],[5, 5, 5, 3, 3, 3]
1744,10,8,2,[5, 5, 4, 6, 6, 4, 6, 6],[7, 1]
1745,10,7,3,[3, 5, 4, 4, 3, 5, 5],[6, 2, 7]
1746,10,7,3,[5, 5, 5, 5, 5, 5, 5],[6, 6, 4]
1747,10,6,4,[5, 5, 4, 4, 4, 4],[3, 3, 6, 7]
1748,10,7,3,[5, 5, 5, 6, 4, 6, 4],[3, 7, 3]
1749,10,9,1,[4, 5, 4, 3, 4, 6, 3, 3, 5],[9]
1750,10,2,8,[4, 4],[5, 5, 3, 3, 5, 3, 5, 3]
1751,10,6,4,[3, 3, 3, 3, 3, 3],[4, 4, 2, 1]
1752,10,8,2,[3, 3, 3, 4, 3, 4, 3, 3],[5, 2]
1753,10,5,5,[4, 3, 3, 3, 3],[2, 1, 6, 5, 5]
1754,10,6,4,[4, 4, 3, 4, 3, 4],[5, 2, 2, 2]
1755,10,8,2,[3, 3, 3, 4, 4, 3, 3, 3],[5, 1]
1756,10,6,4,[3, 3, 3, 3, 3, 3],[2, 4, 4, 4]
1757,10,5,5,[2, 3, 3, 3, 3],[1, 1, 1, 5, 1]
1758,10,7,3,[3, 3, 4, 3, 3, 4, 3],[5, 2, 2]
1759,10,5,5,[4, 4, 3, 3, 3],[5, 5, 5, 5, 2]
1760,10,7,3,[3, 4, 4, 3, 3, 3, 3],[5, 2, 6]
1761,10,8,2,[6, 5, 5, 5, 5, 6, 6, 6],[3, 4]
1762,10,6,4,[5, 5, 5, 4, 4, 4],[3, 6, 6, 3]
1764,10,8,2,[5, 4, 4, 3, 5, 3, 5, 5],[2, 8]
1765,10,8,2,[5, 6, 6, 6, 5, 4, 6, 5],[3, 3]
1766,10,6,4,[7, 7, 6, 6, 6, 7],[5, 5, 5, 9]
1767,10,9,1,[4, 4, 4, 3, 4, 4, 3, 4, 3],[2]
1768,10,7,3,[6, 5, 5, 5, 5, 5, 5],[7, 4, 7]
1769,10,7,3,[5, 6, 5, 6, 5, 6, 5],[4, 4, 7]
1770,10,8,2,[4, 4, 4, 3, 3, 3, 3, 3],[5, 2]
1771,10,9,1,[5, 5, 5, 5, 5, 6, 5, 6, 6],[7]
1772,10,9,1,[5, 5, 5, 5, 5, 5, 5, 5, 5],[7]
1773,10,4,6,[4, 4, 4, 4],[3, 5, 5, 3, 3, 3]
1774,10,9,1,[6, 5, 6, 5, 5, 6, 6, 5, 6],[4]
1775,10,8,2,[5, 5, 6, 6, 6, 6, 6, 5],[7, 4]
1776,10,6,4,[3, 3, 3, 2, 3, 3],[1, 4, 4, 1]
1777,10,7,3,[5, 5, 6, 5, 4, 5, 4],[3, 7, 7]
1778,10,8,2,[5, 6, 5, 6, 5, 6, 5, 6],[4, 7]
1779,10,6,4,[5, 6, 6, 5, 6, 5],[7, 4, 7, 7]
1780,10,7,3,[5, 5, 5, 5, 5, 5, 5],[6, 6, 6]
1781,10,7,3,[5, 4, 5, 5, 5, 4, 5],[7, 6, 3]
1782,10,9,1,[5, 6, 7, 5, 5, 5, 7, 6, 7],[9]
1783,10,5,5,[6, 6, 5, 5, 5],[4, 4, 7, 7, 7]
1784,10,8,2,[5, 5, 5, 5, 5, 6, 6, 5],[4, 7]
1785,10,7,3,[7, 7, 7, 7, 7, 7, 6],[5, 4, 5]
1787,10,9,1,[6, 6, 4, 5, 6, 6, 5, 5, 5],[2]
1788,10,6,4,[6, 6, 6, 6, 6, 6],[5, 5, 5, 7]
1789,10,5,5,[6, 6, 6, 6, 6],[7, 7, 5, 7, 7]
1790,10,8,2,[6, 5, 6, 6, 5, 6, 5, 6],[3, 7]
1791,10,7,3,[7, 7, 6, 8, 7, 6, 7],[9, 5, 9]
1792,10,7,3,[6, 7, 7, 7, 6, 6, 7],[8, 5, 9]
1793,10,6,4,[7, 7, 7, 7, 7, 7],[8, 6, 9, 6]
1794,10,8,2,[7, 8, 6, 7, 7, 6, 8, 6],[5, 9]
1795,10,4,6,[7, 7, 7, 7],[8, 6, 6, 6, 8, 6]
1796,10,5,5,[5, 5, 5, 6, 6],[7, 4, 7, 7, 7]
1797,10,7,3,[7, 6, 7, 7, 6, 6, 6],[4, 5, 9]
1798,10,8,2,[6, 6, 6, 6, 6, 7, 7, 6],[8, 9]
1799,10,7,3,[6, 6, 6, 7, 5, 7, 5],[9, 3, 4]
1800,10,7,3,[6, 5, 6, 5, 6, 6, 5],[7, 3, 7]
1801,10,5,5,[6, 5, 6, 4, 6],[7, 3, 7, 7, 3]
1802,10,9,1,[6, 7, 6, 6, 7, 6, 7, 6, 7],[4]
1803,10,7,3,[6, 7, 7, 7, 6, 7, 6],[9, 5, 5]
1804,10,7,3,[5, 5, 5, 5, 5, 5, 5],[3, 4, 6]
1805,10,5,5,[6, 6, 5, 6, 6],[7, 7, 4, 3, 7]
1806,10,7,3,[7, 5, 7, 5, 6, 6, 6],[8, 3, 9]
1807,10,8,2,[3, 3, 4, 4, 4, 3, 3, 4],[2, 5]
1808,10,7,3,[5, 5, 6, 6, 4, 5, 5],[7, 3, 3]
1809,10,5,5,[4, 4, 4, 4, 4],[3, 5, 5, 3, 3]
1810,10,4,6,[4, 4, 4, 4],[3, 5, 5, 3, 3, 3]
1811,10,7,3,[3, 3, 3, 4, 3, 4, 3],[5, 5, 5]
1812,10,7,3,[3, 3, 4, 4, 4, 3, 3],[5, 2, 2]
1813,10,8,2,[4, 5, 5, 3, 5, 3, 3, 4],[6, 1]
1814,10,8,2,[3, 4, 4, 4, 4, 3, 4, 4],[5, 2]
1815,10,7,3,[2, 3, 3, 4, 3, 3, 3],[1, 6, 1]
1816,10,8,2,[2, 3, 2, 4, 3, 2, 4, 3],[5, 1]
1817,10,7,3,[7, 5, 6, 5, 5, 7, 7],[3, 2, 8]
1818,10,6,4,[6, 5, 5, 5, 6, 6],[4, 7, 4, 4]
1819,10,7,3,[5, 7, 7, 7, 7, 5, 7],[4, 9, 3]
1820,10,7,3,[5, 6, 5, 6, 5, 5, 5],[4, 7, 3]
1821,10,6,4,[5, 4, 5, 5, 4, 5],[7, 3, 6, 3]
1822,10,7,3,[5, 5, 5, 5, 5, 5, 4],[3, 2, 3]
1823,10,6,4,[4, 4, 4, 5, 5, 4],[3, 6, 3, 6]
1824,10,9,1,[6, 7, 6, 7, 5, 6, 7, 7, 5],[4]
1825,10,6,4,[5, 5, 4, 5, 4, 4],[7, 6, 3, 2]
1826,10,4,6,[4, 4, 4, 4],[5, 5, 5, 3, 3, 5]
1827,10,7,3,[5, 5, 5, 5, 5, 5, 5],[6, 4, 7]
1828,10,6,4,[5, 5, 5, 4, 5, 4],[6, 3, 3, 3]
1829,10,6,4,[4, 4, 4, 4, 4, 4],[5, 3, 5, 5]
1830,10,9,1,[5, 3, 5, 5, 3, 3, 3, 3, 4],[6]
1831,10,9,1,[3, 5, 3, 4, 3, 3, 4, 3, 3],[7]
1832,10,8,2,[5, 5, 6, 5, 5, 6, 6, 5],[7, 7]
1834,10,7,3,[6, 5, 5, 6, 5, 6, 6],[4, 4, 8]
1835,10,8,2,[6, 5, 5, 5, 5, 5, 5, 5],[7, 3]
1836,10,8,2,[5, 7, 5, 6, 5, 7, 6, 6],[8, 4]
1837,10,9,1,[6, 5, 6, 6, 6, 5, 6, 5, 5],[3]
1838,10,7,3,[5, 5, 5, 5, 5, 5, 5],[7, 4, 4]
1839,10,8,2,[6, 6, 6, 5, 5, 5, 6, 5],[4, 7]
1840,10,7,3,[5, 5, 5, 5, 5, 5, 5],[4, 7, 4]
1841,10,7,3,[5, 4, 5, 5, 4, 4, 4],[3, 2, 6]
1842,10,7,3,[5, 6, 6, 5, 4, 5, 6],[3, 7, 2]
1843,10,7,3,[4, 5, 3, 3, 4, 2, 3],[7, 9, 1]
1844,10,8,2,[3, 5, 3, 5, 3, 4, 3, 3],[1, 8]
1845,10,8,2,[4, 4, 5, 4, 3, 4, 3, 4],[9, 2]
1846,10,8,2,[3, 4, 4, 4, 4, 4, 3, 3],[6, 2]
1847,10,7,3,[3, 3, 3, 3, 3, 3, 3],[2, 4, 4]
1848,10,8,2,[4, 3, 4, 3, 3, 3, 3, 3],[7, 2]
1849,10,7,3,[3, 3, 3, 3, 3, 3, 3],[2, 4, 2]
1850,10,7,3,[3, 3, 3, 4, 3, 3, 3],[2, 6, 7]
1851,10,7,3,[4, 5, 3, 4, 5, 5, 5],[6, 1, 1]
1852,10,7,3,[3, 3, 3, 2, 3, 3, 3],[1, 7, 1]
1853,10,8,2,[4, 3, 3, 3, 3, 3, 3, 3],[7, 2]
1854,10,7,3,[3, 3, 3, 3, 3, 3, 3],[2, 2, 5]
1855,10,8,2,[5, 5, 6, 5, 4, 3, 4, 4],[9, 1]
1856,10,7,3,[6, 6, 6, 6, 6, 7, 7],[5, 8, 4]
1858,10,7,3,[3, 3, 3, 3, 3, 2, 2],[5, 1, 4]
1859,10,5,5,[5, 5, 5, 5, 6],[7, 4, 3, 7, 7]
1860,10,8,2,[3, 3, 3, 3, 3, 3, 3, 3],[5, 4]
1861,10,6,4,[5, 5, 5, 6, 5, 6],[3, 7, 4, 7]
1862,10,8,2,[3, 5, 3, 4, 4, 3, 3, 6],[8, 9]
1863,10,7,3,[3, 3, 3, 3, 3, 3, 3],[4, 4, 4]
1864,10,6,4,[3, 3, 3, 3, 3, 3],[2, 4, 4, 4]
1865,10,9,1,[3, 3, 5, 3, 4, 3, 4, 4, 5],[6]
1866,10,7,3,[3, 3, 3, 3, 3, 3, 3],[2, 4, 2]
1867,10,8,2,[5, 5, 5, 5, 5, 5, 5, 5],[7, 6]
1868,10,8,2,[4, 5, 5, 5, 5, 4, 6, 6],[3, 7]
1869,10,8,2,[5, 5, 5, 5, 5, 6, 6, 5],[7, 7]
1870,10,6,4,[3, 3, 3, 3, 3, 3],[1, 4, 4, 4]
1871,10,8,2,[3, 2, 3, 2, 2, 3, 2, 2],[5, 4]
1872,10,8,2,[4, 3, 5, 5, 5, 3, 3, 4],[7, 2]
1873,10,8,2,[3, 3, 3, 3, 2, 3, 3, 4],[5, 1]
1874,10,7,3,[5, 6, 6, 5, 5, 6, 5],[4, 7, 7]
1875,10,8,2,[6, 4, 6, 5, 4, 6, 5, 5],[7, 3]
1876,10,5,5,[5, 5, 5, 6, 4],[3, 7, 7, 3, 2]
1878,10,7,3,[5, 5, 6, 5, 6, 5, 5],[3, 7, 3]
1879,10,7,3,[6, 5, 6, 4, 5, 5, 5],[7, 3, 3]
1880,10,8,2,[5, 6, 5, 6, 5, 5, 5, 5],[7, 4]
1881,10,7,3,[4, 3, 3, 4, 3, 4, 3],[5, 5, 2]
1882,10,6,4,[5, 5, 4, 5, 5, 4],[6, 3, 3, 6]
1883,10,7,3,[5, 6, 6, 6, 4, 6, 6],[7, 3, 2]
1884,10,7,3,[5, 5, 5, 5, 5, 5, 5],[6, 6, 6]
1885,10,6,4,[6, 7, 7, 6, 7, 6],[5, 5, 8, 8]
1886,10,9,1,[5, 4, 5, 5, 5, 5, 4, 5, 4],[3]
1887,10,6,4,[4, 4, 4, 4, 4, 4],[3, 3, 3, 5]
1888,10,8,2,[4, 4, 4, 3, 5, 4, 4, 4],[7, 1]
1889,10,7,3,[5, 3, 3, 3, 3, 3, 3],[6, 7, 2]
1890,10,9,1,[5, 5, 5, 5, 5, 5, 5, 5, 5],[4]
1891,10,7,3,[5, 5, 5, 4, 5, 5, 4],[7, 3, 3]
1892,10,7,3,[5, 4, 3, 5, 5, 4, 3],[2, 2, 6]
1893,10,9,1,[5, 5, 5, 6, 5, 5, 6, 5, 5],[7]
1894,10,6,4,[5, 4, 5, 5, 5, 4],[3, 3, 7, 3]
1895,10,7,3,[3, 3, 3, 3, 3, 3, 3],[1, 6, 1]
1896,10,6,4,[4, 4, 4, 4, 3, 3],[5, 2, 5, 5]
1897,10,5,5,[3, 3, 4, 3, 3],[2, 5, 2, 5, 6]
1899,10,6,4,[3, 3, 3, 4, 4, 3],[7, 2, 7, 2]
1900,10,5,5,[3, 3, 2, 2, 3],[4, 1, 4, 4, 1]
1901,10,5,5,[3, 3, 3, 3, 4],[5, 5, 5, 2, 5]
1902,10,9,1,[4, 2, 2, 3, 2, 3, 4, 3, 2],[5]
1903,10,7,3,[3, 5, 3, 3, 5, 3, 3],[6, 6, 2]
1904,10,8,2,[3, 4, 3, 3, 3, 4, 4, 3],[2, 5]
1905,10,9,1,[3, 3, 2, 3, 5, 3, 4, 3, 2],[9]
1906,10,6,4,[3, 4, 3, 3, 3, 3],[5, 2, 5, 2]
1908,10,6,4,[3, 3, 4, 3, 3, 3],[2, 5, 2, 5]
1909,10,7,3,[3, 2, 2, 3, 2, 3, 3],[1, 4, 1]
1910,10,7,3,[5, 5, 5, 5, 6, 6, 7],[4, 9, 4]
1911,10,8,2,[5, 5, 4, 4, 5, 4, 5, 3],[7, 1]
1912,10,6,4,[5, 5, 5, 5, 5, 5],[7, 7, 7, 4]
1913,10,7,3,[7, 5, 6, 7, 5, 6, 6],[3, 4, 9]
1914,10,9,1,[5, 5, 5, 5, 5, 5, 5, 5, 5],[3]
1915,10,9,1,[6, 6, 6, 5, 5, 5, 5, 6, 5],[7]
1916,10,6,4,[5, 5, 5, 5, 6, 6],[3, 7, 7, 4]
1917,10,9,1,[5, 4, 5, 4, 4, 5, 5, 4, 4],[6]
1918,10,7,3,[5, 5, 5, 4, 4, 4, 5],[6, 3, 7]
1919,10,7,3,[5, 5, 5, 5, 5, 5, 5],[6, 4, 4]
1921,10,7,3,[5, 5, 5, 5, 5, 5, 5],[7, 7, 2]
1922,10,9,1,[3, 5, 4, 4, 3, 3, 5, 5, 3],[7]
1923,10,7,3,[4, 4, 4, 4, 4, 4, 5],[6, 6, 3]
1924,10,6,4,[6, 6, 6, 6, 6, 6],[5, 5, 7, 5]
1925,10,8,2,[5, 5, 5, 6, 6, 6, 5, 5],[7, 4]
1926,10,6,4,[3, 4, 3, 4, 3, 3],[5, 5, 2, 1]
1927,10,6,4,[4, 4, 4, 4, 4, 3],[2, 2, 2, 5]
1928,10,8,2,[3, 3, 3, 3, 4, 2, 5, 2],[8, 1]
1929,10,7,3,[2, 3, 3, 3, 2, 3, 3],[1, 1, 4]
1930,10,6,4,[3, 4, 4, 3, 3, 3],[2, 2, 6, 2]
1931,10,9,1,[2, 4, 2, 2, 4, 3, 3, 2, 3],[6]
1932,10,6,4,[3, 4, 3, 5, 4, 4],[2, 6, 6, 2]
1933,10,6,4,[5, 5, 5, 5, 5, 5],[7, 4, 4, 6]
1934,10,8,2,[5, 6, 7, 6, 6, 6, 5, 6],[3, 9]
1935,10,8,2,[5, 7, 6, 5, 7, 6, 5, 5],[4, 9]
1936,10,8,2,[5, 6, 5, 5, 5, 5, 5, 5],[7, 7]
1937,10,8,2,[5, 5, 5, 5, 5, 5, 5, 5],[6, 7]
1938,10,5,5,[5, 5, 5, 6, 5],[7, 4, 4, 7, 4]
1939,10,7,3,[5, 6, 5, 5, 5, 6, 5],[4, 4, 7]
1940,10,6,4,[4, 4, 3, 3, 4, 3],[5, 2, 5, 5]
1941,10,5,5,[4, 4, 4, 4, 4],[5, 3, 3, 5, 5]
1942,10,8,2,[5, 5, 5, 5, 5, 5, 5, 5],[7, 6]
1943,10,5,5,[6, 6, 6, 6, 6],[7, 5, 5, 7, 7]
1944,10,6,4,[6, 7, 6, 7, 6, 6],[8, 8, 5, 5]
1945,10,6,4,[6, 6, 6, 7, 7, 7],[5, 5, 5, 9]
1946,10,7,3,[5, 5, 5, 5, 5, 5, 5],[6, 6, 6]
1947,10,5,5,[6, 6, 5, 7, 7],[8, 4, 4, 9, 3]
1949,10,6,4,[5, 6, 6, 5, 5, 6],[7, 4, 4, 7]
1950,10,7,3,[2, 3, 3, 3, 3, 2, 3],[4, 1, 1]
1951,10,9,1,[3, 3, 3, 4, 4, 3, 4, 3, 3],[5]
1953,10,8,2,[4, 4, 5, 4, 5, 4, 4, 4],[6, 3]
1954,10,7,3,[4, 3, 4, 4, 3, 4, 3],[1, 5, 5]
1956,10,7,3,[3, 3, 3, 3, 3, 3, 3],[2, 4, 2]
1957,10,8,2,[3, 3, 3, 3, 3, 3, 3, 3],[2, 2]
1958,10,7,3,[3, 3, 3, 3, 3, 3, 3],[4, 5, 2]
1959,10,9,1,[3, 4, 4, 3, 3, 3, 3, 3, 3],[5]
1960,10,7,3,[3, 3, 2, 2, 3, 3, 3],[1, 4, 1]
1961,10,7,3,[3, 3, 3, 3, 2, 2, 2],[4, 1, 1]
1962,10,7,3,[7, 6, 7, 7, 7, 6, 5],[8, 3, 8]
1963,10,7,3,[3, 3, 3, 3, 4, 3, 3],[6, 2, 2]
1964,10,7,3,[3, 5, 3, 5, 3, 4, 4],[7, 2, 2]
1965,10,9,1,[6, 5, 5, 5, 5, 6, 5, 5, 5],[7]
1967,10,5,5,[3, 3, 3, 3, 3],[2, 4, 4, 2, 2]
1968,10,5,5,[4, 4, 4, 4, 4],[3, 5, 3, 5, 5]
1970,10,6,4,[4, 4, 4, 4, 4, 4],[5, 3, 3, 3]
1971,10,5,5,[4, 4, 4, 4, 4],[5, 5, 5, 3, 5]
1972,10,9,1,[5, 5, 5, 5, 5, 5, 5, 6, 5],[8]
1973,10,8,2,[5, 6, 6, 4, 5, 6, 6, 6],[2, 8]
1975,10,5,5,[6, 6, 6, 6, 6],[5, 7, 4, 7, 7]
1976,10,4,6,[4, 4, 4, 4],[3, 5, 5, 5, 3, 5]
1977,10,3,7,[4, 4, 4],[3, 5, 3, 3, 5, 3, 5]
1978,10,3,7,[5, 4, 4],[3, 3, 3, 3, 6, 6, 6]
1979,10,5,5,[6, 5, 4, 5, 5],[7, 3, 3, 7, 3]
1980,10,7,3,[3, 3, 5, 3, 5, 4, 3],[1, 1, 7]
1981,10,8,2,[3, 5, 3, 5, 5, 4, 3, 3],[7, 7]
1982,10,9,1,[3, 3, 3, 2, 3, 4, 3, 2, 3],[7]
1983,10,6,4,[4, 4, 4, 5, 6, 5],[2, 7, 7, 3]
1984,10,5,5,[4, 5, 5, 4, 5],[3, 3, 3, 6, 6]
1985,10,8,2,[3, 4, 3, 3, 4, 3, 3, 3],[2, 5]
1986,10,6,4,[3, 3, 3, 3, 3, 3],[4, 1, 1, 4]
1987,10,7,3,[3, 4, 7, 3, 6, 7, 4],[9, 2, 1]
1989,10,5,5,[5, 5, 5, 5, 5],[4, 4, 4, 7, 6]
1990,10,6,4,[2, 2, 2, 2, 3, 2],[1, 1, 4, 5]
1991,10,8,2,[2, 3, 3, 3, 2, 3, 3, 3],[1, 4]
1992,10,6,4,[3, 3, 4, 3, 3, 3],[5, 2, 2, 5]
1993,10,9,1,[4, 4, 4, 3, 3, 3, 3, 4, 3],[5]
1994,10,8,2,[3, 3, 2, 3, 2, 3, 3, 3],[4, 1]
1995,10,7,3,[3, 3, 5, 4, 4, 3, 3],[2, 7, 2]
1996,10,7,3,[3, 3, 3, 3, 4, 2, 3],[8, 1, 1]
1997,10,5,5,[3, 3, 3, 3, 3],[2, 2, 2, 4, 4]
1998,10,7,3,[3, 3, 3, 3, 3, 3, 3],[2, 2, 2]
1999,10,6,4,[6, 5, 5, 6, 5, 5],[7, 3, 7, 7]
2000,10,6,4,[2, 3, 3, 2, 3, 3],[1, 4, 4, 1]
2001,10,5,5,[5, 5, 4, 5, 4],[7, 3, 3, 7, 3]
2002,10,7,3,[3, 3, 3, 3, 3, 3, 3],[6, 5, 2]
2003,10,8,2,[3, 2, 3, 3, 2, 3, 2, 3],[1, 4]
2004,10,7,3,[4, 4, 5, 5, 5, 6, 5],[3, 8, 7]
2005,10,4,6,[3, 3, 4, 3],[5, 5, 2, 2, 2, 5]
2006,10,8,2,[5, 4, 4, 5, 4, 4, 4, 5],[6, 7]
2007,10,6,4,[3, 3, 3, 3, 4, 3],[5, 5, 5, 2]
2008,10,9,1,[6, 5, 7, 5, 6, 5, 6, 7, 7],[2]
2009,10,7,3,[4, 4, 4, 4, 3, 4, 3],[1, 5, 2]
2010,10,7,3,[3, 2, 3, 2, 2, 3, 3],[5, 1, 5]
2011,10,7,3,[3, 4, 4, 3, 3, 5, 3],[6, 6, 1]
2013,10,6,4,[5, 3, 4, 4, 4, 3],[7, 7, 9, 2]
2014,10,5,5,[3, 3, 3, 3, 3],[2, 2, 2, 4, 2]
2016,10,8,2,[7, 6, 7, 6, 6, 7, 6, 5],[9, 1]
2017,10,4,6,[4, 4, 4, 4],[3, 5, 3, 5, 5, 3]
2018,10,4,6,[6, 6, 6, 6],[5, 7, 5, 5, 5, 7]
2019,10,9,1,[6, 5, 5, 5, 6, 6, 5, 5, 5],[1]
2020,10,5,5,[6, 6, 6, 6, 6],[7, 5, 7, 7, 5]
2021,10,6,4,[6, 5, 6, 6, 6, 5],[7, 7, 3, 7]
2022,10,3,7,[4, 4, 4],[5, 5, 3, 3, 3, 5, 3]
2023,10,3,7,[6, 6, 6],[7, 5, 7, 7, 7, 5, 5]
2024,10,9,1,[3, 5, 3, 5, 5, 3, 5, 4, 5],[1]
2025,10,6,4,[7, 6, 7, 6, 7, 7],[5, 9, 4, 8]
2026,10,6,4,[4, 4, 4, 3, 3, 3],[5, 2, 5, 5]
2027,10,6,4,[5, 4, 4, 3, 6, 3],[2, 9, 7, 2]
2028,10,8,2,[3, 6, 5, 6, 6, 4, 3, 3],[2, 8]
2029,10,8,2,[6, 6, 7, 7, 7, 7, 5, 7],[8, 3]
2030,10,7,3,[6, 4, 5, 5, 5, 6, 5],[1, 3, 7]
2031,10,8,2,[5, 5, 7, 6, 7, 5, 5, 5],[9, 4]
2032,10,6,4,[7, 6, 6, 6, 6, 7],[8, 9, 5, 4]
2033,10,8,2,[7, 7, 6, 7, 7, 7, 7, 7],[9, 4]
2034,10,6,4,[7, 7, 7, 7, 7, 7],[6, 6, 6, 8]
2035,10,8,2,[5, 5, 6, 5, 5, 6, 5, 5],[7, 7]
2036,10,5,5,[5, 5, 5, 5, 5],[7, 4, 4, 7, 7]
2037,10,7,3,[5, 5, 5, 5, 5, 5, 5],[7, 4, 7]
2038,10,8,2,[5, 5, 4, 5, 5, 4, 5, 5],[6, 3]
2039,10,8,2,[3, 3, 5, 5, 4, 4, 4, 3],[6, 2]
2040,10,6,4,[4, 3, 3, 3, 3, 4],[5, 5, 2, 5]
2041,10,7,3,[6, 6, 5, 6, 4, 5, 6],[7, 7, 1]
2043,10,8,2,[6, 6, 7, 5, 6, 6, 6, 6],[3, 8]
2044,10,9,1,[7, 8, 7, 7, 6, 7, 6, 7, 7],[1]
2045,10,6,4,[7, 5, 7, 7, 7, 6],[4, 4, 4, 8]
2046,10,7,3,[4, 4, 3, 3, 3, 3, 3],[5, 2, 6]
2047,10,3,7,[4, 4, 4],[3, 5, 3, 5, 5, 5, 3]
2048,10,7,3,[6, 6, 7, 7, 6, 7, 7],[8, 5, 5]
2049,10,7,3,[5, 5, 5, 3, 3, 3, 5],[2, 7, 2]
2050,10,7,3,[5, 6, 6, 5, 7, 6, 5],[3, 9, 8]
2051,10,6,4,[2, 3, 2, 3, 3, 3],[4, 1, 4, 4]
2052,10,9,1,[2, 2, 3, 2, 3, 3, 2, 3, 3],[1]
2053,10,9,1,[2, 3, 2, 3, 3, 2, 2, 3, 3],[1]
2054,10,8,2,[4, 4, 3, 2, 2, 3, 2, 3],[5, 1]
2055,10,8,2,[3, 4, 3, 3, 4, 3, 4, 3],[1, 6]
2056,10,6,4,[3, 4, 4, 3, 3, 3],[5, 5, 2, 5]
2057,10,7,3,[3, 3, 3, 2, 3, 2, 3],[1, 1, 1]
2058,10,4,6,[3, 3, 3, 2],[4, 1, 4, 1, 1, 4]
2059,10,6,4,[3, 2, 3, 3, 3, 3],[1, 1, 1, 5]
2060,10,9,1,[1, 1, 2, 3, 3, 1, 2, 3, 2],[6]
2061,10,7,3,[3, 2, 2, 2, 3, 3, 3],[4, 1, 4]
2062,10,6,4,[3, 3, 4, 3, 4, 4],[1, 5, 5, 5]
2063,10,7,3,[3, 3, 3, 3, 3, 3, 3],[2, 5, 2]
2064,10,7,3,[3, 3, 3, 3, 3, 4, 3],[5, 5, 2]
2065,10,7,3,[3, 5, 6, 5, 5, 5, 4],[1, 7, 2]
2066,10,7,3,[5, 5, 5, 6, 5, 5, 5],[7, 9, 4]
2067,10,6,4,[4, 3, 4, 3, 4, 3],[5, 5, 5, 2]
2068,10,7,3,[4, 5, 5, 6, 5, 4, 6],[3, 7, 7]
2069,10,5,5,[6, 6, 5, 5, 5],[7, 4, 7, 7, 7]
2070,10,4,6,[5, 5, 5, 5],[4, 6, 4, 6, 6, 6]
2071,10,7,3,[5, 6, 6, 5, 5, 5, 5],[3, 1, 7]
2073,10,6,4,[3, 3, 3, 4, 4, 4],[5, 5, 2, 5]
2074,10,7,3,[3, 3, 3, 3, 3, 4, 4],[2, 5, 6]
2075,10,5,5,[3, 2, 3, 2, 2],[1, 5, 5, 5, 5]
2076,10,8,2,[5, 6, 4, 5, 4, 4, 6, 6],[7, 3]
2077,10,6,4,[5, 5, 5, 5, 5, 5],[3, 2, 3, 7]
2078,10,6,4,[5, 5, 5, 5, 5, 5],[6, 6, 4, 6]
2079,10,6,4,[4, 4, 4, 4, 4, 4],[3, 5, 3, 3]
2080,10,7,3,[3, 3, 3, 3, 3, 3, 3],[4, 4, 4]
2081,10,9,1,[5, 5, 5, 5, 5, 5, 5, 5, 5],[6]
2082,10,9,1,[3, 3, 4, 5, 5, 3, 3, 4, 5],[7]
2084,10,7,3,[5, 5, 5, 4, 5, 4, 4],[6, 1, 1]
2085,10,7,3,[3, 3, 3, 5, 5, 5, 4],[2, 6, 2]
2086,10,5,5,[4, 3, 4, 3, 3],[5, 5, 5, 1, 2]
2087,10,9,1,[4, 5, 4, 5, 4, 5, 4, 5, 4],[6]
2088,10,6,4,[3, 4, 3, 4, 3, 3],[2, 7, 7, 2]
2089,10,7,3,[5, 4, 3, 5, 4, 3, 4],[2, 1, 6]
2090,10,4,6,[3, 3, 3, 4],[5, 5, 2, 2, 5, 5]
2091,10,6,4,[3, 3, 3, 2, 3, 2],[1, 4, 1, 1]
2093,10,6,4,[3, 3, 6, 3, 4, 4],[2, 8, 8, 2]
2094,10,6,4,[3, 3, 3, 3, 3, 3],[4, 2, 4, 4]
2095,10,7,3,[3, 3, 3, 3, 3, 2, 2],[4, 4, 1]
2096,10,8,2,[3, 3, 3, 4, 3, 3, 3, 2],[1, 6]
2097,10,6,4,[3, 4, 2, 2, 4, 2],[5, 5, 5, 1]
2098,10,7,3,[5, 6, 6, 6, 6, 6, 5],[4, 3, 4]
2100,10,7,3,[3, 3, 3, 3, 3, 4, 3],[6, 2, 2]
2101,10,8,2,[3, 4, 3, 4, 3, 3, 4, 4],[1, 6]
2102,10,8,2,[4, 4, 4, 3, 4, 3, 6, 4],[2, 9]
2103,10,6,4,[4, 3, 4, 4, 4, 3],[5, 6, 2, 2]
2104,10,6,4,[3, 3, 3, 3, 3, 3],[2, 4, 4, 2]
2105,10,7,3,[3, 3, 4, 3, 4, 3, 4],[5, 1, 2]
2106,10,8,2,[5, 5, 5, 5, 5, 5, 5, 5],[6, 4]
2107,10,8,2,[5, 2, 2, 4, 2, 3, 3, 4],[9, 1]
